SpAD_Dt,ZMIC1,ATSC7p,GATS4c,CIC1,AATSC8i,MATS3p,MDEC-23,ETA_Eta_F_L,ATSC5s,VE1_Dzp,ATSC8i,MATS7p,ATS4m,AATSC2e,MATS7i,ATSC8c,TPC,SpMax8_Bhi,MATS5s,IC5,MATS3v,MATS3c,BIC5,GATS3e,minssNH,ETA_BetaP_s,MATS6c,GATS1s,GATS2s,GATS5s,C2SP2,CrippenLogP,SpMax3_Bhv,AATS8m,MATS2e,GATS5m,VR3_Dt,WTPT-2,ETA_Epsilon_5,AATS7v,BCUTp-1l,AATSC5p,MATS1m,MATS6v,MATS4i,GATS8e,ATSC7e,AATSC2s,SP-6,Class
3444.0152,111.8885,1.0601,1.1078,3.0318,-0.0991,0.0173,60.1757,14.3222,-36.3333,0.056,-13.8718,0.0333,19835.8193,0.0076,-0.0066,0.1053,8169,3.354,-0.1032,5.5736,0.0908,0.0409,0.8435,0.8248,0.0,0.6957,-0.0902,0.4793,0.5235,1.2088,20,0.0,3.971,92.9158,0.1073,0.943,31.88,0.0,0.8015,254.6815,6.0583,-0.0198,0.044,-0.1505,0.1338,1.0229,2.5341,-0.0255,18.2418,NonToxic
1412.3783,101.0685,-2.5792,1.2239,3.1807,-0.0654,-0.041,44.5031,13.7317,11.4623,0.0343,-9.3563,-0.0822,12883.7917,0.0279,-0.1025,-0.0037,2413,3.3488,0.0944,5.2471,0.0213,-0.0316,0.8024,0.7149,0.0,0.6628,-0.0442,0.6318,0.5552,0.8913,24,8.9712,3.7909,79.9471,0.433,0.8406,28.2796,2.1204,0.8093,230.6853,4.7199,0.0007,0.0689,-0.0523,-0.0617,1.7155,-1.9598,0.1102,9.529,NonToxic
1633.9653,73.2941,-5.4969,0.9232,2.1735,0.0843,-0.0765,37.5488,13.9774,-61.48,0.0051,12.483,-0.1805,14494.5241,0.0117,-0.1812,0.565,2254,3.2732,-0.2682,5.1991,0.0018,-0.1791,0.7914,1.0579,0.0,0.6818,0.3483,0.7371,0.496,1.623,15,6.9524,3.7566,65.8097,0.1973,1.2202,66.8884,2.085,0.7942,211.1648,4.8103,0.0263,0.0251,-0.1533,0.0061,0.6992,-1.878,0.0315,10.2605,NonToxic
1661.3697,75.2334,-7.6553,0.9347,2.2266,0.0298,-0.0894,40.5929,14.1564,-57.0542,0.0078,5.009,-0.2293,14908.5786,0.008,-0.1957,-0.0643,2326,3.2732,-0.2064,5.1779,-0.0251,-0.1151,0.7845,1.0056,0.0,0.6722,0.171,0.7969,0.5149,1.4253,18,7.263,3.8186,63.3404,0.1195,1.1762,34.2573,2.0797,0.7896,214.6507,4.8139,0.0337,0.0084,-0.1309,-0.006,0.9951,-0.4959,0.012,10.485,NonToxic
1634.1502,90.1954,-1.105,1.1855,2.6459,-0.0315,-0.0353,52.7343,13.5143,-29.3659,0.4174,-5.4787,-0.0291,14817.7007,0.0156,0.0262,-0.0081,3410,3.3059,-0.0704,5.9063,0.0135,0.0307,0.9054,0.7363,0.0,0.6648,-0.0489,0.4615,0.381,0.8024,23,7.8953,3.8543,73.3835,0.1803,1.0563,25.7867,2.1092,0.8417,219.5259,3.7207,-0.0008,0.0709,-0.0356,-0.019,0.7363,1.8481,0.4216,11.3221,NonToxic
1675.4968,117.5779,-1.0411,1.2662,3.357,-0.0573,-0.0912,52.3812,13.6093,-45.6338,0.0,-8.0251,-0.0321,14889.7834,0.006,0.0039,0.2246,2160,3.1868,-0.1081,4.9063,-0.0028,-0.0159,0.7539,0.8752,2.7191,0.625,-0.0175,0.5158,0.5819,1.5493,24,6.9106,3.8416,72.4984,0.0681,1.168,66.8884,2.085,0.8,220.5331,5.5486,0.0061,0.016,-0.1343,-0.1027,0.9038,1.0447,-0.0313,9.4548,NonToxic
1444.772,120.6415,-0.475,1.0958,3.5892,-0.0838,-0.1035,56.0611,13.5665,-58.8366,0.0,-10.8132,-0.0147,14469.4568,0.0127,-0.0357,0.026,2643,3.2933,-0.1583,5.5313,-0.0094,-0.087,0.8459,0.8429,0.0,0.6421,0.0411,0.4974,0.5613,1.42,23,7.8478,3.934,71.9938,0.1649,1.0669,65.6228,2.1062,0.8053,226.4845,5.6623,0.0047,0.0426,0.0,-0.0526,1.1138,-0.0297,-0.0274,10.3165,NonToxic
1108.1734,90.4737,-0.7675,1.3572,3.2531,0.0036,-0.0399,40.6558,11.4418,-8.846,0.0573,0.4626,-0.023,11504.6094,0.0058,-0.0432,0.1691,2140,3.056,-0.0706,5.3407,0.0081,0.1199,0.8389,1.0809,0.0,0.6216,-0.0718,0.5967,0.6722,1.1478,24,6.6447,3.8731,58.0697,0.1233,1.074,24.6228,2.119,0.7739,201.1337,5.6436,-0.004,0.0699,-0.0598,0.0127,0.4525,0.0703,-0.0223,8.3042,NonToxic
933.5382,76.0477,0.1373,0.9078,2.6636,0.3718,-0.1371,31.9506,10.0527,3.078,0.0639,24.5404,0.0089,9160.5191,0.017,-0.0687,0.2186,1642,3.0232,0.0226,5.3417,-0.0619,-0.1463,0.876,0.8696,0.0,0.6452,0.0058,0.7293,0.5326,1.1122,15,4.0987,3.7833,88.923,0.1963,0.9524,18.4061,2.1143,0.8083,240.2311,4.8938,-0.0027,0.0343,0.0772,-0.0604,1.72,-1.9931,0.1133,0.0,NonToxic
940.0342,82.4403,-2.1186,0.9631,2.7038,-0.3375,0.0011,35.6989,10.0152,-7.6069,0.0,-40.5049,-0.0802,11430.4729,0.0115,-0.0646,0.1633,1725,3.0259,-0.0205,5.1662,-0.017,-0.2394,0.8244,1.1285,0.0,0.6597,-0.1305,0.5613,0.5693,1.2078,16,4.5111,3.7135,67.7567,0.1282,1.0488,53.6912,2.0821,0.8252,214.1641,5.2332,-0.0163,0.0419,0.1353,-0.0986,1.2051,-0.2207,-0.0423,7.0505,NonToxic
981.3484,76.7516,-0.7118,1.1098,2.4282,-0.2883,-0.0767,32.2745,11.1231,-32.2002,0.0111,-27.968,-0.0279,11509.6767,0.0174,0.002,0.0138,1833,3.0974,-0.1212,5.463,-0.0154,-0.3563,0.8744,1.2496,0.0,0.6757,0.0474,0.5374,0.5574,1.3964,16,5.8738,3.7206,73.5448,0.1865,1.0545,53.6826,2.0771,0.8469,205.888,5.466,0.0199,0.051,-0.0486,-0.0449,1.1013,-1.8486,0.0728,7.7831,NonToxic
1367.4529,75.1387,1.5577,1.2018,2.4842,-0.0546,-0.0652,40.393,12.2187,3.6296,0.086,-8.2996,0.0432,13028.9638,0.0099,0.1291,-0.0303,3075,3.1266,0.0584,5.761,-0.0133,-0.115,0.8942,0.9949,0.0,0.6795,0.191,0.7807,0.8338,1.1029,16,8.5692,3.8383,64.9306,0.2181,0.8975,23.6676,2.1374,0.7915,209.2207,6.5207,-0.0109,0.0853,-0.1041,-0.0002,1.0447,-1.3224,0.0133,10.0935,NonToxic
789.3701,88.8322,-0.6179,1.2096,3.4483,-0.0532,-0.0614,35.8397,10.6882,-0.0564,0.1573,-5.477,-0.0239,8482.9597,0.0067,0.055,0.0321,1642,2.9365,-0.0015,5.2986,-0.0254,0.0575,0.8455,0.8559,0.0,0.6288,-0.069,0.8507,0.8704,1.1904,22,7.7963,3.7852,59.82,0.2852,0.9604,18.5967,2.1141,0.7485,211.1414,6.6638,0.0126,0.0713,-0.027,-0.1561,0.9463,-0.6161,-0.004,6.6106,NonToxic
925.3089,67.1725,-0.7265,1.11,2.4691,-0.3697,-0.0956,32.6743,9.2764,-23.832,0.2577,-48.4361,-0.0196,10031.7887,0.0051,-0.013,0.1944,1463,3.0725,-0.1246,5.4402,-0.0694,0.1221,0.8655,0.9459,0.0,0.6571,-0.1443,0.5262,0.5572,1.4938,14,3.9138,3.7691,57.1936,0.0825,1.2234,22.0262,2.0987,0.8076,186.2992,4.931,0.0065,0.0769,-0.0993,-0.1306,0.6175,1.9114,0.0657,6.7884,NonToxic
1002.929,102.014,2.7614,0.6379,3.4386,0.2292,0.0986,52.0187,11.7106,-20.2961,0.0,31.1772,0.0699,13508.2288,0.0142,-0.067,-0.0371,2574,2.9821,-0.0524,4.8318,0.0916,-0.2298,0.7569,0.9256,0.0,0.641,-0.0649,0.5027,0.5243,0.7099,22,4.8722,3.7995,79.2024,0.2024,1.132,22.9657,2.0988,0.7992,174.9196,4.941,-0.0429,0.0481,-0.1844,0.0627,0.8224,1.6327,0.0535,8.5829,NonToxic
1320.9538,104.9729,4.2161,1.1618,3.4901,-0.1075,-0.0583,44.7998,11.7772,-5.2215,0.0123,-12.789,0.1454,10381.8243,0.0028,0.1922,0.0006,1758,3.1088,-0.0519,5.0402,-0.0195,0.116,0.7864,0.8753,2.7586,0.6118,-0.1192,0.5887,0.6523,1.2023,23,6.5549,3.8141,69.2844,0.078,1.149,24.5784,2.1192,0.7392,207.4989,5.2969,-0.0244,0.0492,-0.0069,-0.2296,1.1836,-0.0284,-0.022,8.3916,NonToxic
1535.0977,81.0922,1.9176,1.2284,2.4567,0.0137,-0.0706,49.4774,12.0334,-22.6753,0.5702,2.5447,0.0394,14688.0617,0.011,0.0769,-0.1829,2860,3.1544,-0.0577,5.9636,-0.0422,-0.0423,0.9142,0.9145,2.8933,0.657,0.1706,0.5021,0.5239,1.117,21,5.6971,3.8061,71.6049,0.1279,0.903,25.8969,2.0899,0.8089,207.0255,4.0012,-0.0084,0.0247,0.0122,-0.0548,1.1996,-1.2668,0.0586,9.8109,NonToxic
1882.0569,93.1709,-9.3202,0.5957,2.5804,-0.3823,0.053,23.4488,10.7974,-98.0082,0.1531,-56.5745,-0.2092,19530.9901,0.0009,-0.2156,-0.8375,6717,3.0462,-0.1693,5.1714,0.0484,-0.1571,0.8216,0.8385,0.0,0.6447,0.0802,0.8823,0.5305,1.1329,12,5.9975,3.8665,66.9418,0.0077,0.9963,26.5462,2.1148,0.7849,199.5418,5.9112,-0.0189,-0.0788,-0.2356,0.0274,1.566,-0.2282,0.0839,14.8575,NonToxic
1254.8275,80.4228,6.8828,1.1022,2.4911,-0.1219,-0.1137,44.591,12.735,-29.7899,0.1198,-20.2346,0.1464,14774.1104,0.0154,0.1712,-0.0561,2261,3.2963,-0.0876,5.7388,-0.0952,-0.0986,0.8755,0.8098,0.0,0.6421,-0.1629,0.4959,0.4517,1.0588,19,7.024,3.8622,87.9492,0.218,1.2036,28.8717,2.08,0.8212,214.0981,3.8696,0.0139,0.0688,-0.0415,-0.1251,0.6409,1.1046,0.2434,8.9725,NonToxic
1611.6706,102.9325,-6.7348,0.8193,2.9993,0.2005,-0.006,65.0939,13.3435,3.9623,0.0749,34.4857,-0.1315,16719.5918,0.0061,-0.1646,-0.2866,3140,3.2092,0.0157,5.7414,0.0225,-0.188,0.8661,0.7061,0.0,0.6193,0.2091,0.5309,0.4676,1.0377,20,8.2998,3.9828,72.1759,0.1842,0.9832,34.3309,2.1144,0.7399,225.5074,5.3269,0.0016,0.0433,-0.029,0.0207,2.209,-0.8713,-0.0218,0.0,NonToxic
1876.1342,78.3934,1.6763,1.0955,2.5503,0.0306,0.055,51.1057,12.7811,2.8889,0.5343,6.2348,0.0359,15043.5018,0.0075,0.0276,-0.0962,3756,3.3491,0.0189,5.9226,0.0995,-0.1156,0.8886,0.9794,0.0,0.7,-0.0751,0.6365,0.6707,1.1244,22,8.8249,3.8397,74.1633,0.1265,0.9821,29.0959,2.132,0.8044,212.4549,5.6715,-0.017,0.085,-0.0142,0.0807,1.0927,0.1676,0.0308,12.1948,NonToxic
1069.8278,79.0398,-2.623,1.3061,2.6601,0.0056,-0.1607,36.9243,11.2011,-1.3275,0.0299,0.8102,-0.0839,9683.3945,0.0108,-0.053,0.1732,1525,3.1397,-0.0117,5.7748,-0.1107,-0.1201,0.9046,1.1659,2.9908,0.6419,0.2241,0.673,0.5769,1.3548,21,6.8923,3.8173,58.8545,0.2175,0.8875,22.1071,2.0898,0.7598,216.9328,5.7475,0.0463,0.0493,-0.0171,0.0055,1.1114,-1.6759,0.0841,7.184,NonToxic
1727.7241,87.8075,-0.3473,1.1667,3.0176,0.0647,0.0096,47.536,10.3193,-9.2058,0.1166,5.696,-0.0161,12432.0565,0.0063,0.059,0.0055,3797,2.994,-0.0514,5.5546,0.072,-0.0214,0.8974,0.797,0.0,0.6591,-0.0618,0.495,0.5479,1.2425,17,6.6934,3.7732,73.3757,0.1251,1.0768,27.5547,2.1661,0.7707,233.0608,5.7637,-0.0358,0.0547,-0.0221,-0.0499,0.7225,-0.0074,-0.0321,10.802,NonToxic
993.7593,86.4706,-4.7491,1.0777,2.8729,-0.1005,-0.0994,39.6797,11.2391,-44.7625,0.2863,-11.2555,-0.1797,10667.8487,0.0177,-0.1704,0.2512,1813,3.0412,-0.1774,5.6147,-0.0177,-0.0295,0.8973,0.8181,0.0,0.6458,0.1006,0.619,0.4856,1.2728,19,6.4917,3.8045,60.7826,0.2235,1.0751,24.8172,2.0901,0.8045,208.5206,4.2501,0.0175,0.0237,-0.2087,0.0321,0.4535,1.8486,0.1977,7.6736,NonToxic
1161.3223,80.5149,0.2086,1.2333,3.0236,-0.3587,-0.0629,34.789,8.7709,-69.9029,0.0173,-55.9597,0.0043,13744.6849,0.0162,0.0296,-0.1539,1733,3.234,-0.1539,5.4227,0.0382,0.0448,0.8323,0.7758,0.0,0.6438,-0.2353,0.5685,0.4893,1.4844,11,4.4733,3.6773,52.9031,0.2138,1.0982,26.5816,2.0752,0.8325,158.6021,5.6046,0.0046,0.1828,-0.197,0.0078,0.514,3.6227,0.2951,8.1194,NonToxic
1572.6589,67.6092,1.1358,1.0245,2.5021,-0.2964,-0.2319,35.8792,10.7535,-32.7497,0.518,-62.2383,0.0212,14983.8074,0.0159,0.0644,-0.2955,2677,3.2733,-0.1074,5.6998,-0.1837,-0.1166,0.8696,0.8897,3.6765,0.6786,-0.0316,0.5497,0.5066,1.2097,14,7.7044,3.8066,49.1903,0.2319,1.162,25.3237,2.0817,0.8085,172.4558,5.0221,-0.0023,0.0689,-0.1692,0.1006,0.9098,0.3827,0.1114,10.3666,NonToxic
1333.943,81.0115,-0.6299,0.8348,2.3378,-0.275,-0.0686,30.2222,13.2949,-33.5622,0.031,-24.4792,-0.0311,10702.3555,0.0077,-0.2157,-0.387,1656,3.2146,-0.1344,5.5132,-0.1099,-0.0518,0.8613,1.1222,2.2603,0.6845,0.2261,0.5591,0.5933,0.972,14,3.2616,3.7243,84.1509,0.072,1.1124,34.175,2.087,0.8467,215.9489,4.686,0.0099,0.0281,-0.0078,-0.1052,1.1746,-0.0137,0.0379,7.7664,NonToxic
1593.6325,95.7763,-0.5955,1.0198,2.9853,0.0123,-0.0436,47.975,12.0383,-48.3933,0.2322,1.3824,-0.023,14525.326,0.0157,-0.0852,0.3249,3254,3.31,-0.1457,5.7179,0.0302,-0.1725,0.8969,0.8698,0.0,0.6711,0.1798,0.4948,0.5244,1.4326,17,4.9857,3.924,88.2524,0.2043,1.1627,21.8238,2.1348,0.7992,234.1679,5.4265,-0.0271,0.039,-0.0045,-0.048,0.863,-0.7099,0.0196,11.1036,NonToxic
1521.6682,88.1968,-1.1841,1.207,2.7619,0.0036,-0.0137,51.4783,12.5002,-12.8245,0.2953,0.5975,-0.031,13802.1998,0.0107,0.0235,-0.0099,3245,3.2819,-0.0466,5.8574,0.0289,0.002,0.9045,0.811,0.0,0.6585,-0.0958,0.4743,0.4284,0.8577,23,8.1281,3.8502,66.8006,0.1692,1.025,23.6851,2.124,0.8049,214.5492,3.8563,-0.0044,0.0724,-0.0415,-0.0246,0.657,1.0521,0.2083,10.6994,NonToxic
1538.5209,96.734,-0.8056,1.0364,2.7958,-0.0533,-0.0413,39.853,12.7853,-26.0556,0.0,-5.8643,-0.0303,14897.1327,0.0164,-0.124,-0.0377,2201,3.181,-0.0884,4.7803,0.0444,-0.2483,0.7519,0.8758,3.1019,0.6646,-0.0021,0.5355,0.5945,1.5883,20,6.9654,3.702,110.4351,0.19,1.1847,63.2426,2.0968,0.8152,232.1886,5.6532,0.0064,0.0066,-0.1058,-0.1193,0.8919,0.0403,-0.0331,9.3532,NonToxic
1014.0453,69.2386,-4.5454,1.0003,2.4316,0.2397,-0.1607,36.4379,9.4026,1.8966,0.3139,27.8099,-0.1868,9931.3872,0.0134,-0.1806,0.2691,1923,2.9516,0.0096,5.4552,-0.1202,-0.0402,0.89,0.9386,0.0,0.6591,0.2282,0.5649,0.4975,1.0846,16,4.2267,3.7885,65.4554,0.149,0.8531,18.85,2.1065,0.8283,232.1711,4.851,-0.0026,0.0652,0.1028,-0.0564,1.1395,-1.2684,0.1894,7.831,NonToxic
1587.5044,97.2268,-6.4015,0.6782,3.3394,-0.1544,0.0541,39.6365,10.997,5.1247,0.0016,-31.8072,-0.1286,11611.3008,-0.006,-0.0676,-0.0441,2114,3.1748,0.0858,5.1828,0.0108,-0.0213,0.7784,1.2946,0.0,0.6786,-0.0074,0.7494,0.928,0.842,18,7.493,3.6851,36.2848,-0.2382,0.9062,27.4264,2.1336,0.7571,157.0281,7.0912,0.0147,0.0988,-0.0349,-0.1627,0.8982,-0.1365,0.003,9.5143,NonToxic
1549.938,86.8965,-2.5022,1.0597,2.7207,0.0718,-0.025,54.58,12.6021,-7.5645,0.3277,13.0709,-0.0636,13836.5019,-0.0001,0.0201,-0.0481,3303,3.183,-0.0347,5.8511,-0.0002,0.0138,0.8948,0.9232,0.0,0.6548,-0.0267,0.5224,0.6549,0.9175,22,8.1209,3.8497,62.8388,-0.0023,0.9867,24.3511,2.1221,0.7929,220.0462,3.9215,0.0038,0.0695,0.0185,-0.0608,0.704,1.2253,-0.0562,11.0925,NonToxic
1668.817,83.1633,2.5781,1.1048,2.7612,-0.0412,0.0854,46.3298,12.2178,-10.2401,0.4875,-7.577,0.0603,13708.4749,0.0077,0.1068,-0.0632,3339,3.2731,-0.0758,5.822,0.1088,-0.2329,0.8811,1.1988,0.0,0.6786,0.0148,0.6038,0.5911,1.4323,22,8.5874,3.7995,69.0328,0.2011,1.0206,25.5408,2.1225,0.7754,211.5703,6.0114,-0.0019,0.081,0.0182,-0.0365,1.3997,-1.4443,0.0383,10.9923,NonToxic
1494.6145,83.6155,-0.451,1.2357,2.6861,-0.0215,-0.034,60.0166,11.4054,54.2027,0.4448,-5.5581,-0.0071,16921.103,0.0037,0.0149,-0.3332,3696,3.3198,0.1497,6.0641,-0.0039,0.0048,0.9188,0.822,3.0997,0.6477,0.1397,0.5353,0.605,1.3129,21,6.4258,3.8374,62.3043,0.0522,0.8673,32.5294,2.108,0.7941,211.2942,5.3534,0.0114,0.061,0.0366,-0.0554,1.1695,-2.7318,-0.0205,11.7649,NonToxic
1020.6888,100.4921,0.8724,1.3597,3.2013,-0.1,-0.1235,36.6323,11.3644,41.085,0.1776,-10.2048,0.0331,11718.6571,0.0179,0.102,-0.5318,1826,3.0003,0.1248,5.4216,-0.0312,0.0515,0.8664,0.7831,2.8674,0.6419,0.0588,0.5119,0.5678,1.2827,17,5.03,3.8695,70.7438,0.1961,0.9879,23.5106,2.0799,0.8219,217.0289,5.498,0.0206,0.0342,-0.0074,-0.1356,1.0045,-0.2177,-0.0024,7.4216,NonToxic
1118.236,86.0119,-1.3921,1.1819,2.8354,-0.0056,-0.0709,40.1784,11.7189,-29.7472,0.3871,-1.0167,-0.0327,12851.8818,0.0088,0.0023,-0.0112,1945,3.208,-0.0857,5.6058,-0.0241,0.0721,0.8657,0.7626,0.0,0.6463,0.0848,0.4784,0.4455,1.2394,20,5.9112,3.8141,63.5604,0.1226,0.9772,25.9504,2.0745,0.8236,194.8236,4.1575,0.0218,0.0702,-0.0556,-0.0839,1.628,-1.6055,0.238,8.3576,NonToxic
1660.3952,91.1544,0.7254,1.218,2.7895,0.0525,0.0155,52.249,12.4357,-18.8712,0.2134,9.2371,0.0171,15160.2034,0.0036,0.0037,-0.1835,3098,3.3173,-0.0516,5.9807,0.0196,-0.0231,0.9103,1.0604,0.0,0.6667,0.0794,0.5252,0.5921,1.5249,24,6.2904,3.8278,72.0583,0.039,1.036,30.173,2.1071,0.837,207.9235,5.4595,-0.0129,0.0622,0.0204,-0.0125,1.3701,-0.2772,-0.0065,10.5721,NonToxic
959.4787,70.9255,-0.1487,0.8758,2.2738,-0.029,0.0238,30.0382,10.3025,1.1173,0.2617,-3.5936,-0.0043,12204.3272,0.011,0.0374,0.0301,1767,3.098,0.0049,5.5661,-0.0099,-0.1824,0.8869,0.97,0.0,0.6458,0.1358,0.603,0.5508,0.7951,17,6.1398,3.8273,69.2405,0.1588,1.0486,23.4168,2.0824,0.8013,212.7014,4.9515,-0.0378,0.0558,0.1628,-0.0679,1.1636,-0.716,0.0677,7.3825,NonToxic
884.1437,79.0348,-1.0788,1.1006,2.8015,-0.1474,-0.1383,34.5325,9.896,-43.2952,0.0582,-11.7916,-0.058,9363.4309,0.0215,-0.0493,-0.009,1774,3.0075,-0.2172,5.4366,-0.0371,-0.1308,0.8978,0.8601,0.0,0.6563,0.064,0.5246,0.5301,1.5875,16,5.2823,3.8212,81.1646,0.2536,1.1463,22.771,2.107,0.8208,239.2779,4.8742,0.0226,0.0469,-0.0422,-0.0356,0.9827,0.7034,0.0887,7.092,NonToxic
1641.8573,117.5779,-2.8966,1.2414,3.357,0.0697,-0.0912,51.3093,13.6093,-56.8699,0.0,9.475,-0.092,14768.7174,0.006,0.0033,0.008,2144,3.1872,-0.1347,4.8125,-0.0028,-0.019,0.7395,0.8752,2.726,0.625,-0.2223,0.5158,0.5822,1.5802,24,6.9106,3.84,66.4226,0.0681,1.2201,29.901,2.085,0.8,218.8549,5.4557,0.0204,0.016,-0.1184,-0.1257,0.9665,3.2118,-0.0323,9.5162,NonToxic
1831.9586,81.5488,-2.5382,1.0015,2.6152,0.3145,-0.0319,41.1121,11.4416,33.0692,0.6071,59.1331,-0.0567,14435.8591,0.0251,-0.0172,0.2589,2597,3.2653,0.0594,5.6212,0.0054,0.0096,0.8596,0.7106,3.3544,0.6648,-0.0509,0.5412,0.3916,0.8113,20,7.8791,3.8291,59.5393,0.2162,0.8836,26.2513,2.0864,0.8401,191.9363,3.6272,0.0139,0.0414,0.0164,-0.1034,1.0424,-3.7008,0.8305,9.8872,NonToxic
1377.8653,79.543,0.7303,1.3272,2.7261,-0.0007,-0.0922,40.4145,10.6408,33.4148,0.5854,-0.0739,0.0262,10348.8958,0.0066,0.0535,-0.0235,2036,3.1095,0.1798,5.5216,-0.0703,0.1935,0.8709,0.8118,0.0,0.625,0.1241,0.5649,0.5771,0.8573,19,6.5587,3.8566,64.9507,0.1135,0.8918,20.4238,2.0932,0.7861,200.524,4.9503,0.0297,0.0537,-0.0692,-0.1475,1.2305,-1.316,0.0594,8.1415,NonToxic
1117.6198,99.1823,1.2223,1.0785,3.3077,-0.2442,-0.0882,43.2379,11.0875,-41.3545,0.0,-22.7086,0.0509,12046.3345,0.0153,0.0428,-0.0996,2556,3.0424,-0.1397,5.162,0.0096,-0.1285,0.8262,0.85,0.0,0.6528,0.1483,0.4929,0.5484,1.4348,18,6.6168,3.9223,74.7403,0.1995,0.9801,54.7271,2.1132,0.8074,227.4587,5.766,0.0021,0.0454,-0.0006,-0.0613,0.8821,-0.1541,-0.0137,8.9353,NonToxic
1265.6063,83.7706,-0.3036,1.2873,2.7973,0.0253,-0.0589,48.0809,10.2701,-3.5679,0.1449,3.8915,-0.0076,12901.5341,0.0054,0.0052,-0.1769,2903,3.0276,-0.0128,5.7545,-0.0402,-0.1234,0.9116,1.002,0.0,0.6487,0.0982,0.4909,0.5651,1.5471,21,6.0292,3.8136,71.2147,0.0807,0.7696,24.6545,2.1103,0.8023,214.0024,6.0325,0.0052,0.0331,0.0469,-0.0264,1.4909,-1.3067,-0.0447,9.54,NonToxic
1220.6632,92.4109,0.5991,1.2093,2.9638,-0.0774,-0.0495,43.3655,12.7159,-22.5184,0.2475,-14.3968,0.0133,12216.6265,0.0055,0.0831,-0.3377,2077,3.2307,-0.1668,5.6977,-0.019,-0.1199,0.8643,1.1238,0.0,0.6628,-0.174,0.583,0.6365,1.5472,22,8.3525,3.8039,62.506,0.0951,1.0402,34.6447,2.1016,0.8,188.9069,5.457,0.0101,0.0788,-0.1478,-0.0337,0.9211,0.9484,0.0381,8.1762,NonToxic
1140.3925,71.7277,-2.7253,1.2406,2.7289,-0.176,-0.0003,38.5752,10.2631,-19.8092,0.2876,-41.5323,-0.0532,12098.9234,0.0016,0.1025,-0.2292,2150,3.1643,-0.1427,5.465,0.0178,-0.0356,0.8357,1.0885,0.0,0.675,-0.0966,0.5857,0.6823,1.466,14,6.6431,3.7397,45.304,0.0311,1.0601,25.4389,2.1073,0.7983,173.1232,5.6222,0.0149,0.0897,-0.2307,0.018,0.7188,0.1114,0.0211,8.5259,NonToxic
926.1811,56.7717,-4.84,1.3052,2.3893,0.0625,-0.0159,31.647,8.6383,-20.2166,0.3263,10.813,-0.1062,10932.9178,0.0059,-0.0947,-0.1334,1716,3.0725,-0.1548,5.3819,-0.0095,-0.048,0.8501,1.1472,0.0,0.6643,-0.1398,0.5577,0.5583,1.6641,13,6.2037,3.7477,41.8262,0.1221,0.8949,24.0208,2.0891,0.7986,154.6767,5.714,0.0094,0.0543,-0.1673,-0.1134,0.7149,1.787,0.0518,7.4507,NonToxic
1534.5515,99.1689,-6.2542,0.8429,3.6514,-0.0771,-0.0429,65.256,9.4875,3.7749,0.0007,-19.7304,-0.0936,13428.9586,-0.0025,-0.0518,0.0498,3188,3.248,0.0914,5.059,-0.0495,-0.0138,0.7504,1.1216,0.0,0.6429,-0.0588,0.8023,0.7581,0.9846,14,8.0944,3.7506,38.2577,-0.2053,0.9315,28.0307,2.1479,0.7191,168.5976,7.1793,0.0028,0.1067,-0.1153,0.0844,0.557,-0.4267,0.0193,11.2433,NonToxic
1704.7063,90.734,-9.8275,1.2177,2.7883,0.0808,-0.0604,57.6723,11.9927,-6.4022,0.2194,13.4186,-0.2043,14703.081,0.0128,-0.1484,0.0582,3093,3.2836,-0.0225,5.807,-0.0174,-0.0428,0.888,0.6045,0.0,0.6369,0.031,0.4702,0.4259,0.7712,21,7.7865,3.8347,79.4621,0.2283,0.9766,25.6649,2.1236,0.7897,225.2618,3.9144,0.0218,0.0684,-0.0107,0.035,1.5711,-0.5401,0.2054,0.0,NonToxic
1223.1234,78.2353,2.0275,1.3207,2.5895,-0.2988,-0.1117,42.4795,10.6673,0.3436,0.3589,-45.4145,0.0449,14537.9496,0.0094,-0.002,0.1289,2019,3.1095,0.0007,5.734,-0.0619,0.0505,0.9019,0.8237,0.0,0.6382,-0.1734,0.5803,0.5529,1.1437,19,5.3876,3.8006,81.2316,0.0991,1.0189,23.6577,2.0794,0.8381,213.2905,4.7516,0.0136,0.1583,0.0272,-0.0042,1.0559,2.3097,0.2278,8.0901,NonToxic
1051.2471,72.0175,2.0216,1.1726,2.4388,-0.1053,-0.1504,30.0905,9.7979,-33.4694,0.0567,-10.5318,0.0527,12358.1994,0.0179,0.1606,-0.1693,1572,3.1162,-0.132,5.6665,-0.0921,0.0242,0.895,0.8231,0.0,0.6389,-0.1818,0.66,0.5403,1.3874,17,4.5066,3.8352,74.9995,0.2861,1.0043,22.8486,2.086,0.812,191.8524,5.6421,0.0171,0.1696,0.0103,-0.0884,0.9025,2.4674,0.3093,0.0,NonToxic
1210.4068,68.3533,-1.136,1.3082,2.7225,-0.0995,0.0578,39.5589,9.4619,-7.1298,0.0015,-17.7064,-0.0272,11823.9922,0.0058,0.0852,0.0662,3087,3.2659,-0.1601,4.625,0.0934,0.1455,0.7169,0.7989,0.0,0.6806,-0.0597,0.6604,0.7344,1.4303,10,8.0246,3.7955,42.2803,0.2034,1.1141,21.7993,2.1547,0.7667,179.5816,6.7366,-0.0203,0.1103,-0.0826,-0.0258,0.8086,-1.56,0.0379,10.2552,NonToxic
1112.2876,68.0897,3.1804,1.0381,2.4545,0.03,-0.0447,44.5792,10.555,21.5188,0.5226,5.5212,0.0591,13752.975,0.0041,0.0187,0.2304,2369,3.2415,0.0788,5.361,-0.0348,0.042,0.8198,0.8443,0.0,0.6829,0.0426,0.5423,0.6097,0.8512,16,5.7691,3.8533,57.0998,0.0613,1.0766,26.3679,2.1171,0.7899,158.4746,5.1918,-0.0264,0.0721,0.0029,-0.0682,0.9051,0.3056,0.0045,9.5316,NonToxic
1005.2966,65.7258,2.6164,1.1722,2.2867,0.5037,-0.0799,30.4957,10.1244,-6.1637,0.5297,54.9085,0.0932,10494.2227,0.0051,0.0867,-0.0671,1831,3.1039,-0.0213,5.3275,-0.0607,0.0433,0.8464,0.9422,2.8884,0.6667,-0.1031,0.4961,0.511,0.9203,15,4.6344,3.8007,70.416,0.0616,0.9621,20.9053,2.0884,0.8256,188.6533,4.0418,0.0138,0.062,0.0354,-0.1681,1.5467,0.6403,0.0975,7.7585,NonToxic
996.1411,67.7018,1.6421,1.0963,2.513,0.0708,-0.0636,43.1223,10.2044,14.2297,0.5384,13.3747,0.0309,13033.8235,0.0034,0.0052,0.1355,2170,3.2091,0.0371,5.3222,-0.0562,-0.0369,0.8158,0.9437,0.0,0.6563,0.0979,0.4987,0.5216,0.7475,15,5.4465,3.8484,53.6407,0.0508,1.0184,25.2415,2.0937,0.7821,163.4413,4.5731,-0.0221,0.0563,0.0217,0.0005,0.946,-1.0758,0.0376,8.8396,NonToxic
1202.3505,86.0127,2.7498,1.2527,2.831,0.0069,-0.091,36.9645,11.7857,-36.9195,0.1344,1.4546,0.0483,13683.1094,0.0138,0.1111,-0.3102,2183,3.2603,-0.1743,5.6317,-0.0342,-0.0875,0.8533,1.0864,0.0,0.6548,-0.037,0.734,0.582,1.5526,20,6.7739,3.7971,60.9057,0.2755,1.0284,26.9111,2.0961,0.8,178.7007,6.6335,0.022,0.1947,-0.2111,-0.0531,0.8408,-0.1189,0.2451,8.7123,NonToxic
1307.0675,85.5476,-2.0539,1.306,2.8465,-0.0453,-0.0164,41.3221,12.1064,-17.2937,0.4197,-11.246,-0.0391,12832.7468,0.0098,0.0394,-0.4566,2080,3.3462,-0.124,5.9222,0.0027,-0.1544,0.8914,1.1728,3.1632,0.6628,-0.09,0.6028,0.5761,1.6745,20,8.2185,3.7969,49.2603,0.249,1.0304,27.7487,2.101,0.772,183.9904,5.4677,0.0269,0.0771,-0.1705,-0.0681,0.9294,-0.1296,0.0671,8.9037,NonToxic
1065.8632,86.3725,-1.4002,1.1709,2.8283,-0.109,-0.0459,42.0664,11.6238,-20.2596,0.0411,-15.1494,-0.0376,12708.8104,0.0098,0.0771,-0.1423,1956,2.9831,-0.1114,5.5373,-0.018,-0.1095,0.8639,0.9627,0.0,0.641,-0.1167,0.5363,0.6083,1.4356,21,7.1539,3.8458,75.5901,0.1982,1.2687,24.8634,2.105,0.7872,229.8259,5.5164,0.0236,0.068,0.0019,-0.102,0.7194,0.2467,-0.0168,8.024,NonToxic
957.0864,60.9192,0.2749,1.3509,2.2316,-0.0888,-0.0311,30.9405,8.8967,-13.5451,0.1295,-10.3882,0.0084,11543.9715,0.0033,0.1054,-0.0764,2003,3.0652,-0.0636,5.459,-0.0442,0.0155,0.8791,1.193,0.0,0.6471,-0.1407,0.5524,0.5712,1.6158,16,6.331,3.8289,68.7348,0.041,0.8361,20.0408,2.0854,0.8221,197.5035,5.7171,-0.0084,0.0384,0.0178,-0.1778,0.8232,1.4462,0.0445,7.7343,NonToxic
1426.5735,84.0299,1.4048,1.3214,2.7418,0.032,-0.028,45.2616,11.1987,-6.5556,0.0311,5.1182,0.0384,13781.8202,0.0095,0.021,-0.0238,3257,3.1783,-0.0233,5.8736,-0.0074,-0.1124,0.9176,0.9722,0.0,0.6667,0.0762,0.4842,0.5605,1.561,21,5.7034,3.9058,73.4281,0.1455,1.0328,30.6538,2.1283,0.8103,223.2383,6.0314,-0.0056,0.0708,0.0514,-0.0168,1.4464,-1.2456,-0.0297,10.3445,NonToxic
1027.8044,73.0069,1.2791,1.1301,2.7743,0.2689,-0.0428,42.7042,10.516,22.1441,0.6325,61.3075,0.0198,13551.6335,0.0011,-0.0531,-0.2642,2335,3.2598,0.0566,5.2161,-0.0508,-0.0245,0.7939,0.9634,0.0,0.6646,0.038,0.4916,0.509,0.6057,16,6.8755,3.825,47.7183,0.0162,1.0249,25.9997,2.0883,0.8036,153.8608,4.0491,-0.0264,0.0732,-0.0509,-0.0341,1.1156,1.0413,0.054,9.2629,NonToxic
1466.7719,94.3403,2.7685,1.1702,3.0458,0.0778,-0.0614,53.6621,11.3357,-12.4836,0.3616,10.2705,0.0759,13432.9006,0.0099,0.1101,-0.2543,3228,3.144,-0.044,5.3438,-0.0464,-0.1835,0.8262,0.9364,2.961,0.6375,-0.147,0.4985,0.531,1.3947,21,7.8164,3.8296,63.8126,0.1847,0.9861,23.8936,2.1281,0.7659,197.527,5.4626,-0.0036,0.0515,-0.0051,-0.1054,1.3103,1.1591,0.0123,10.8391,NonToxic
1170.3063,69.8985,-0.0771,1.2144,2.4808,0.079,-0.0778,38.8355,11.8735,-38.1021,0.5006,17.688,-0.0015,12744.9069,0.0098,-0.0029,-0.4832,2042,3.243,-0.0987,5.7308,-0.0452,-0.0438,0.8733,0.9087,0.0,0.6628,-0.1251,0.4874,0.434,0.8624,16,5.828,3.8241,55.6592,0.118,0.9809,26.0509,2.0679,0.8445,174.7155,3.6923,0.0324,0.0706,-0.2708,-0.035,0.7244,3.7923,0.2905,8.6417,NonToxic
996.1411,67.1066,2.7733,1.0707,2.3496,0.056,-0.0474,43.1223,10.3162,20.129,0.5365,9.7451,0.0514,13443.3148,0.0024,0.0144,-0.0384,2170,3.1869,0.0529,5.2933,-0.0363,-0.0191,0.8174,0.8674,0.0,0.6625,0.0767,0.4909,0.5265,0.6281,16,6.8329,3.842,60.9752,0.0311,0.8843,25.2415,2.0937,0.7984,164.1072,4.538,-0.0229,0.0323,0.0286,-0.0341,1.0219,-0.0469,0.0275,8.8396,NonToxic
1078.7978,69.075,-0.3757,1.1558,2.6894,0.2653,-0.1197,29.7847,9.9775,3.4709,0.5719,41.9148,-0.008,13457.9122,0.0104,0.0163,-0.0586,2088,3.163,0.015,5.4842,-0.0805,-0.045,0.848,0.8255,0.0,0.6513,0.0465,0.7294,0.5734,0.8913,13,5.9821,3.8479,61.2548,0.1954,0.9895,24.7095,2.0737,0.8105,176.845,6.1318,-0.0171,0.1934,0.0372,-0.0899,1.8459,-2.0975,0.251,8.2067,NonToxic
1037.1279,70.406,3.1977,1.2352,2.7821,0.1652,-0.0919,43.0391,10.0466,18.3634,0.4352,33.2093,0.0546,13929.812,0.0047,-0.016,-0.0824,2221,3.2387,0.0696,5.3283,-0.0831,-0.0075,0.8055,1.0228,0.0,0.6463,0.0424,0.5468,0.534,0.8566,13,5.9453,3.8891,51.2855,0.1101,1.1655,25.5508,2.0875,0.7543,155.1941,5.2974,-0.0637,0.0664,0.096,0.0237,1.9666,0.2086,0.0356,9.0437,NonToxic
1314.0245,88.8411,2.0942,1.2795,2.7811,-0.1187,-0.0753,35.7706,12.7999,53.1079,0.0,-13.0592,0.0894,13292.6884,0.0122,0.0231,-0.2949,2120,3.2735,0.1869,4.789,-0.0325,0.0491,0.7492,0.7336,2.7948,0.6875,0.0724,0.5252,0.5733,1.1208,20,6.56,3.9391,93.3401,0.1502,1.0091,38.6847,2.0985,0.8111,241.0922,5.557,0.0066,0.034,0.1568,-0.1308,1.3062,-1.729,-0.0048,8.7192,NonToxic
1044.5084,89.32,1.9185,1.2723,3.118,-0.2744,-0.0453,52.6379,9.3947,-11.3333,0.0,-30.1791,0.0685,10236.577,0.0005,0.0873,-0.0217,1921,3.0888,-0.0632,4.8074,-0.0098,0.0939,0.7648,0.7236,0.0,0.6029,0.1541,0.4825,0.5395,1.475,16,6.6206,3.828,61.8417,0.0139,1.1141,51.6864,2.1274,0.7451,214.7781,5.9904,-0.0304,0.0552,0.1192,-0.1094,1.0084,-0.9898,-0.0051,8.2482,NonToxic
960.094,110.5094,-2.8711,1.3898,3.5334,-0.0932,-0.225,36.3919,12.8763,-18.3495,0.0,-10.6225,-0.132,10474.7843,0.0205,0.1968,-0.1551,1836,2.981,-0.3254,4.0374,-0.0907,0.2122,0.6291,0.8581,0.0,0.6539,0.3955,0.7491,0.7064,1.6246,18,8.3436,3.8955,86.9072,0.2937,1.034,24.1926,2.1098,0.8205,259.5882,6.596,0.0114,0.0742,0.0378,-0.0552,0.5151,2.6222,0.0673,7.5046,NonToxic
1444.941,94.9828,1.2146,1.3146,3.0384,-0.0689,-0.0164,45.9384,12.0832,4.3753,0.0053,-9.6413,0.0344,12720.0771,0.0094,0.0373,-0.0236,1914,3.0268,0.0217,5.1201,-0.0005,-0.1648,0.7968,1.2942,2.941,0.65,-0.0158,0.5855,0.6035,1.5827,23,8.7458,3.7252,64.3707,0.1342,1.0434,60.8076,2.1106,0.7825,197.9217,5.8109,-0.0046,0.0466,-0.072,-0.0807,0.692,-0.5069,0.0208,8.8056,NonToxic
1092.207,110.7033,-4.4885,1.3057,3.6387,-0.2221,-0.0515,46.1793,13.7387,-6.3169,0.0082,-37.7614,-0.128,11845.1035,0.0032,0.0354,-0.1642,1935,3.1207,-0.1148,4.8415,0.0043,0.201,0.7369,0.7984,0.0,0.631,0.0813,0.7379,0.8788,1.4519,27,9.3648,3.8354,61.5031,0.1072,0.942,63.8479,2.1092,0.7667,230.4726,6.7208,0.0304,0.0666,-0.1157,-0.1345,0.7038,0.099,-0.0254,8.1749,NonToxic
1587.3842,85.06,-2.8079,1.1151,2.5886,0.0514,-0.0137,52.9091,12.9849,-15.9699,0.4438,9.3564,-0.0729,14254.8355,0.0063,-0.001,-0.0452,3353,3.2755,-0.0545,5.8511,0.0153,0.0195,0.8948,0.8574,0.0,0.6628,-0.0102,0.4921,0.4661,0.8499,23,8.0756,3.8481,66.3071,0.0871,1.0054,25.0644,2.1155,0.8178,220.0184,3.72,0.0039,0.0743,0.0161,-0.0428,0.7469,1.6993,0.1886,11.2304,NonToxic
1051.5407,72.0175,0.2407,1.1274,2.4388,-0.1111,-0.111,30.0905,9.7983,-28.8208,0.1163,-11.8861,0.0063,12461.0743,0.0179,0.1234,-0.1683,1573,3.1,-0.1152,5.6665,-0.0743,0.0009,0.895,0.8271,0.0,0.6389,-0.1893,0.66,0.538,1.3919,17,4.5066,3.8353,70.574,0.2861,1.0654,22.86,2.0861,0.812,198.8993,5.6421,0.0102,0.1696,0.0269,-0.0988,0.8504,2.2648,0.3134,0.0,NonToxic
1190.3265,93.8262,-2.0068,1.1686,3.0827,0.0124,-0.0723,46.1239,12.5302,-13.1528,0.1713,2.9333,-0.0352,13119.7383,0.005,0.0201,-0.2713,2086,3.338,-0.0935,5.4552,-0.0599,-0.1418,0.8167,1.1724,0.0,0.6477,-0.1262,0.5931,0.6739,1.8799,20,6.5453,3.8229,48.3936,0.1402,1.0017,26.765,2.0954,0.772,174.0194,5.9615,0.0204,0.0787,-0.1904,-0.0402,0.9569,0.0926,0.0004,8.445,NonToxic
1297.6157,75.2317,-0.4293,0.9421,2.5971,0.0022,-0.087,44.0116,10.9108,-14.9366,0.3618,0.4699,-0.0085,14040.5739,0.0082,0.0216,0.0941,2354,3.261,-0.0376,5.8087,-0.099,-0.1181,0.8821,0.9287,0.0,0.6421,0.0182,0.4927,0.5372,1.0604,16,5.2395,3.8265,59.8888,0.1032,0.9314,29.02,2.0813,0.8321,181.5068,4.2719,0.0057,0.0675,-0.1072,0.0234,0.7003,0.7058,0.0457,9.4758,NonToxic
921.8031,88.8733,-0.7899,1.1999,3.2006,-0.1177,-0.0905,40.3758,10.908,-7.9796,0.0399,-14.4732,-0.0258,9263.1614,0.0064,0.0227,0.2005,1463,3.0569,-0.0749,5.3063,-0.0854,-0.1012,0.837,1.1408,3.0966,0.6214,0.0852,0.6278,0.6252,2.0134,23,7.9427,3.8468,51.7753,0.1905,1.034,21.599,2.1026,0.7315,194.9279,5.8212,0.0149,0.044,-0.0379,-0.1162,0.3215,-0.4266,0.003,6.6646,NonToxic
1176.3045,90.8599,-2.8869,1.0534,2.7207,-0.0594,-0.165,41.9214,12.1379,-11.8549,0.0,-9.9823,-0.074,15128.1463,0.0215,-0.056,0.0237,2969,3.1139,-0.022,5.4539,-0.0975,-0.1003,0.8401,0.8389,0.0,0.6337,0.0465,0.5734,0.486,1.2331,14,4.8562,3.8379,79.4033,0.2196,0.7544,28.1692,2.0486,0.8311,238.2125,4.162,0.0661,0.0242,0.057,-0.1973,1.5104,-0.3717,0.2654,9.7363,NonToxic
976.9355,66.8691,-0.9201,1.2812,2.397,-0.0753,-0.0501,28.7875,9.276,16.5966,0.2518,-10.3916,-0.0264,11351.2969,0.0191,-0.0147,-0.081,1608,3.0841,0.0439,5.5507,-0.0419,-0.0416,0.8743,0.9441,2.7934,0.6824,0.0521,0.5065,0.4839,1.2445,13,3.8359,3.6814,55.4591,0.2499,1.0512,23.2101,2.0773,0.8094,167.9247,5.1222,0.0031,0.0549,-0.0207,-0.0841,1.4104,-2.2679,0.132,7.0947,NonToxic
867.7681,64.0009,2.031,0.9455,1.9277,0.1335,-0.0691,28.782,10.4287,-35.6089,0.261,15.8916,0.0557,11560.6553,0.0245,-0.0041,0.4623,1656,3.0239,-0.1094,5.574,-0.0974,-0.2349,0.8921,1.1485,2.603,0.6554,0.2054,0.6618,0.5228,0.9581,18,3.97,3.7841,100.2424,0.235,0.6924,21.5416,2.0534,0.8392,209.697,4.1111,0.0057,0.1104,0.0172,-0.0579,0.8656,-2.2571,0.4286,7.036,NonToxic
1224.3993,83.2541,-1.8506,1.2236,2.7621,-0.0326,-0.0178,42.5724,12.0354,-22.5755,0.277,-7.0309,-0.0365,12679.9566,0.0046,0.0232,-0.343,2187,3.2446,-0.0962,5.6602,-0.0067,-0.0959,0.8615,1.0586,0.0,0.6607,-0.0995,0.5239,0.5517,1.0398,19,6.9169,3.799,52.1544,0.0761,1.0562,26.6848,2.0988,0.8019,175.2969,4.0742,0.0101,0.0715,-0.245,-0.0509,0.6969,0.7403,0.0538,8.8026,NonToxic
1712.2192,84.7679,3.0072,1.2291,2.8434,-0.0148,0.1028,49.1622,12.1594,-4.5985,0.4662,-2.9816,0.0638,14189.6603,0.0077,0.0763,-0.1321,3447,3.3597,-0.0334,5.8678,0.1411,-0.1981,0.8822,1.1518,0.0,0.6744,-0.0125,0.603,0.6015,1.3749,22,8.9775,3.8,68.1651,0.2065,1.0244,26.2887,2.1205,0.7736,208.9407,6.012,-0.0155,0.0814,0.0343,0.038,1.4684,-1.134,0.0342,11.1573,NonToxic
1013.3811,69.0428,-7.3471,0.8525,2.7511,0.1392,-0.0304,32.8945,9.5024,-5.0162,0.2031,27.1437,-0.1431,10938.2733,0.0015,-0.1587,-0.058,1734,3.0782,-0.0996,5.4343,-0.0515,-0.045,0.8479,1.2055,0.0,0.6528,-0.1714,0.886,0.765,1.2436,14,6.0348,3.7427,35.9953,0.0455,0.8055,23.3828,2.0897,0.7746,149.7636,6.1379,0.0163,0.0573,-0.24,-0.2147,0.8576,1.3939,0.0408,7.7391,NonToxic
1205.9262,90.6019,-1.6441,1.1417,2.8281,-0.2486,-0.163,39.8284,12.0575,-67.535,0.0482,-26.3567,-0.0692,12062.7892,0.0268,-0.0577,-0.2409,2153,3.0489,-0.2607,5.2364,-0.0251,-0.113,0.8331,0.8928,0.0,0.6731,-0.1525,0.5435,0.5284,1.5636,18,5.2755,3.8292,87.1723,0.2618,1.2154,24.1184,2.1041,0.8487,236.6468,4.8742,0.0259,0.044,-0.1715,0.0485,0.7479,3.2142,0.1421,8.6889,NonToxic
755.5437,63.9226,-2.6116,1.0486,2.2074,-0.1189,-0.1188,26.0063,9.1096,-36.877,0.4679,-12.0125,-0.101,9287.6157,0.0403,-0.1712,-0.1384,1296,3.0648,-0.0991,5.1475,-0.0387,0.0788,0.8441,0.6609,0.0,0.6742,0.1576,0.5417,0.3786,0.8156,12,5.0738,3.7408,69.4466,0.2897,1.0475,19.8484,2.0684,0.8963,181.825,3.4812,-0.0002,0.0505,-0.0434,0.063,1.7827,1.0401,1.1391,6.0509,NonToxic
1282.625,85.8371,1.1682,0.8323,2.7007,-0.2985,-0.0453,40.3072,12.3511,-55.4783,0.0287,-56.4115,0.0289,13842.2349,0.0178,0.1583,0.3621,2472,3.2325,-0.2713,5.613,-0.0367,-0.4729,0.8584,1.1712,3.3745,0.6667,0.4556,0.5864,0.4828,1.7683,22,8.9208,3.8337,70.6692,0.349,1.169,28.4355,2.0944,0.7822,222.0802,5.6621,0.0083,0.0596,0.0917,-0.1364,1.2348,-3.4377,0.1461,9.9194,Toxic
1303.3945,87.2865,-3.4351,1.1505,2.8497,-0.0278,-0.0941,41.2676,11.818,22.54,0.0428,-4.8958,-0.0765,12511.6496,0.0075,-0.094,-0.1295,1757,3.2151,0.0831,5.639,-0.083,0.1121,0.8623,0.8887,2.9523,0.625,0.0117,0.5391,0.5638,0.8782,17,4.5657,3.7825,55.0119,0.1286,0.9591,27.8307,2.0697,0.7907,174.7594,5.141,0.0194,0.0562,-0.193,-0.1468,1.2983,-1.3206,0.046,8.5295,Toxic
1210.4047,85.878,-0.6127,0.9024,2.838,-0.0008,-0.0265,42.4377,10.6863,-2.0556,0.0724,-0.0804,-0.024,10160.1201,0.0025,-0.0143,0.1072,1805,3.1638,-0.0183,5.6856,-0.0334,0.0989,0.8931,0.6341,2.6663,0.6181,-0.0321,0.5553,0.6057,0.8245,17,6.2366,3.755,68.1623,0.0685,1.0663,22.9552,2.1245,0.7412,191.6162,5.1076,-0.034,0.0539,0.022,-0.1196,2.3529,-0.6816,0.0073,8.2907,Toxic
1864.1829,88.2484,0.2323,1.3944,2.5313,0.2074,-0.0903,34.563,10.9225,3.2016,0.0,16.174,0.0116,15736.106,-0.0027,-0.0152,-0.0478,3152,3.1143,0.0119,5.0888,0.03,0.047,0.8302,0.8417,0.0,0.6528,0.0174,0.4993,0.5956,1.446,20,5.9595,3.7948,126.475,-0.0268,0.9442,25.1671,2.1089,0.8455,287.055,5.814,0.0378,0.0034,-0.0103,-0.0921,1.249,0.1935,-0.1023,10.1953,Toxic
1633.9653,75.5408,-6.6265,0.9216,2.3475,-0.0119,-0.1076,40.833,13.1909,-51.4645,0.0174,-2.117,-0.1723,14735.1797,0.005,-0.149,0.3559,2254,3.2924,-0.1938,5.0791,-0.0392,-0.1371,0.7696,0.9802,3.2585,0.6705,0.2499,0.7586,0.6193,1.4919,18,7.1162,3.8043,54.8666,0.0918,1.1795,66.8884,2.085,0.7653,194.364,4.9542,0.0312,0.0236,-0.0733,-0.0262,0.6832,-1.5907,-0.0358,10.2605,Toxic
943.8735,74.5303,-2.164,1.1078,2.6819,0.0889,-0.1369,35.4194,10.2976,0.7994,0.0481,9.7808,-0.0785,9042.1283,0.0041,-0.0561,-0.0465,1614,3.0759,0.0188,5.4204,-0.1167,-0.0358,0.8611,1.1022,3.1837,0.6397,-0.095,0.883,0.7834,1.1248,20,6.1454,3.7692,56.4329,0.1552,0.9511,20.8124,2.1042,0.7457,195.5684,5.987,0.0213,0.0689,-0.0576,-0.1188,1.2965,0.2924,0.0264,7.1637,Toxic
1340.0454,79.7186,-0.5756,1.0796,2.4452,0.062,-0.1611,34.9148,11.7656,-7.7761,0.0,6.3215,-0.0269,12780.6478,-0.0021,0.1728,0.0144,2061,3.1052,-0.0285,5.1993,-0.084,-0.0618,0.8272,0.7692,0.0,0.6447,-0.0568,0.4853,0.6017,1.2817,20,3.3805,3.8215,75.2954,-0.0244,1.1809,57.7672,2.1044,0.8439,226.0339,5.4351,-0.003,0.0583,0.0545,-0.1305,0.9951,-1.5968,-0.0846,8.6348,Toxic
1077.3711,92.0145,-0.3422,1.0299,2.7451,0.0128,-0.1583,44.1374,12.5016,-99.6244,0.0,1.3419,-0.0133,12514.7841,0.0142,-0.0598,0.0972,2045,3.1689,-0.2866,5.2939,-0.0702,-0.129,0.8327,0.9299,0.0,0.6313,-0.0836,0.5497,0.5848,1.6025,17,5.1677,3.8067,78.3416,0.1677,1.1726,59.6569,2.0678,0.8158,230.9734,4.8874,0.0201,0.0334,-0.0785,-0.0566,1.2154,1.3162,-0.0308,8.3672,Toxic
2554.8354,100.2605,2.8533,1.1075,3.1289,-0.2752,0.0127,56.1006,12.2866,-25.4688,0.0033,-33.5786,0.0967,16088.3922,0.01,0.2562,-0.2414,5269,3.3104,-0.1275,4.8074,0.0789,-0.0876,0.7491,0.9018,0.0,0.6875,-0.2168,0.5086,0.5392,1.382,20,0.0,3.9746,70.5538,0.2002,1.1244,32.902,2.1831,0.7783,233.9126,6.1299,-0.0086,0.0608,-0.0847,-0.0668,0.6813,2.1931,-0.0105,14.2625,Toxic
1224.6905,83.2712,-0.1,0.9686,2.5593,0.036,-0.0277,40.9457,11.4613,7.0531,0.1786,5.0066,-0.0027,13980.4011,0.0076,-0.0232,-0.1251,2076,3.1251,0.0531,5.8148,-0.0364,-0.0848,0.9109,0.7709,0.0,0.6474,0.124,0.6748,0.6059,0.8894,18,6.6451,3.8486,78.2942,0.1573,0.9497,23.7619,2.1063,0.783,239.6573,5.6847,-0.0217,0.0372,0.1521,-0.071,1.442,-0.1407,0.0055,8.5369,Toxic
1297.6157,76.431,-2.6189,0.9137,2.3804,0.0193,-0.0246,44.0116,11.3385,-24.5326,0.3131,3.7799,-0.0555,14079.1207,0.005,-0.0438,0.1573,2354,3.227,-0.0423,5.8766,-0.0411,-0.0833,0.9052,0.9312,0.0,0.6534,0.0161,0.488,0.5349,0.7912,18,5.1228,3.8099,68.5017,0.04,0.9355,29.02,2.0813,0.8828,184.845,4.058,-0.008,0.0515,-0.0895,0.0414,0.7763,0.6964,0.0756,9.4758,Toxic
1789.8768,77.52,5.4937,0.9914,2.4582,-0.0386,-0.0221,48.4779,12.783,6.7723,0.5687,-5.91,0.1476,13836.7005,0.0052,0.09,-0.0854,3476,3.2478,0.0487,5.8757,0.0247,-0.0991,0.8933,0.9197,0.0,0.7093,-0.0887,0.6226,0.6929,0.8632,22,7.6641,3.8379,84.5495,0.0828,0.9766,27.4993,2.1412,0.8093,215.9874,5.6566,-0.0242,0.0826,-0.0071,0.0734,1.0947,0.1524,0.0047,11.548,Toxic
1230.8392,85.8917,-7.4791,1.446,2.9152,0.1521,-0.3232,37.5298,10.0149,-11.6257,0.0013,20.3833,-0.2401,10369.2993,-0.0034,-0.2625,-0.2931,2199,2.9973,-0.1662,4.5537,-0.2369,0.0747,0.7143,1.0344,0.0,0.6757,0.1424,0.8904,1.2032,0.9884,18,6.5806,3.6887,54.2259,-0.0384,1.1006,56.2471,2.1473,0.8243,186.7877,6.8793,-0.0649,0.0885,0.0299,0.3645,1.6262,-0.1348,-0.0533,9.2691,Toxic
1431.2722,120.6415,-0.6243,1.0378,3.5892,0.0011,-0.1283,54.8677,13.5354,-73.775,0.0,0.1444,-0.0205,13602.3607,0.0127,-0.0348,0.2075,2587,3.2286,-0.2087,5.3438,-0.0516,-0.1262,0.8172,0.8582,0.0,0.6421,-0.0798,0.4987,0.5564,1.543,23,7.8478,3.9408,79.9225,0.1649,1.1143,65.6228,2.1059,0.8053,238.8735,5.5802,0.0179,0.0426,0.0324,-0.0947,1.4926,1.0316,-0.016,10.0322,Toxic
1831.9297,77.559,4.8601,1.0025,2.4841,-0.0126,0.0318,47.9243,12.8395,-1.8701,0.5522,-2.2717,0.1132,14562.3164,0.0071,0.1048,-0.0603,3638,3.2873,-0.0125,5.8791,0.058,-0.1409,0.8878,1.0155,0.0,0.7046,-0.0627,0.639,0.6647,1.1706,22,8.4348,3.8392,77.9062,0.1171,0.9797,28.305,2.1342,0.8068,210.3469,5.6666,-0.0033,0.084,-0.0768,0.0074,1.1085,0.0146,0.0319,11.9582,Toxic
1141.9579,84.7306,2.8025,1.2928,2.8686,-0.0477,-0.0883,46.8619,10.0348,1.3474,0.0,-5.5307,0.1021,10198.9334,0.008,0.0907,-0.0495,1788,3.2496,0.0074,4.8736,-0.0616,0.035,0.7666,0.8552,3.0722,0.625,0.1714,0.5166,0.4882,1.2742,16,7.8634,3.8391,65.1481,0.1852,1.0586,54.7268,2.1203,0.7404,216.3802,5.5216,-0.0336,0.0461,0.1763,-0.1411,1.6181,-0.206,0.0777,8.1514,Toxic
1579.3356,82.8103,-0.704,1.3199,2.8815,-0.0775,-0.0298,52.8794,10.7468,21.9111,0.6838,-18.3682,-0.0118,14044.017,0.0024,0.0178,0.0143,3079,3.2331,0.0874,5.8532,-0.0416,0.1049,0.8839,0.9878,0.0,0.6607,0.011,0.51,0.5634,1.3295,18,5.1305,3.7982,49.914,0.0574,0.9446,33.0053,2.1248,0.7636,180.3203,5.8474,0.0008,0.0772,0.0271,-0.0396,1.3795,-0.4333,-0.0034,10.2822,Toxic
1376.9479,94.9663,2.459,1.1056,2.9367,-0.1823,-0.1398,48.9986,12.2126,-49.9184,0.0041,-33.7305,0.0557,15666.6036,0.0145,0.1298,-0.1133,3555,3.1542,-0.1479,5.3192,-0.0782,-0.2254,0.8164,0.9248,3.3455,0.6429,-0.1974,0.519,0.5198,1.5852,19,7.3958,3.8049,70.4499,0.2174,0.9898,29.2178,2.0882,0.7899,224.2807,5.9557,0.0193,0.0466,-0.0081,-0.0112,0.7857,1.9179,0.0737,10.9413,Toxic
1221.1756,86.3459,-0.0006,0.9631,2.8781,0.3042,-0.0161,40.1328,10.643,-17.1384,0.1388,25.5505,0.0,11826.4857,0.0165,-0.0339,0.1693,2078,2.9717,-0.1013,5.1239,0.0024,-0.1144,0.8265,0.8795,0.0,0.6429,0.0188,0.5593,0.5042,1.2387,17,6.9254,3.8,98.7242,0.2158,1.007,50.7811,2.1258,0.8067,264.1323,5.2263,-0.0184,0.0523,0.1972,-0.0117,1.3656,-1.2418,0.1529,8.6012,Toxic
1627.4416,87.3684,-0.1604,1.1553,2.9062,-0.2207,-0.0462,46.6635,12.0675,10.0881,0.5956,-30.01,-0.0048,11787.7671,0.0052,0.013,0.0201,2716,3.1163,0.1642,5.7544,-0.0301,-0.0456,0.8931,0.9901,0.0,0.6603,-0.0444,0.8138,0.9258,0.8999,20,7.436,3.8812,65.1365,0.1063,0.8706,23.6067,2.144,0.7803,213.5099,6.8586,-0.0131,0.0798,0.0128,-0.0244,1.0378,-1.0107,-0.0066,9.7963,Toxic
1222.7986,88.644,-1.9963,1.1794,2.8394,0.0605,-0.0783,39.6079,10.6798,3.0729,0.0,7.3194,-0.07,12952.8503,-0.0002,-0.056,-0.3331,2124,3.1431,0.0091,4.3543,0.0091,-0.1401,0.7035,0.868,3.121,0.6286,-0.2172,0.6245,0.5892,1.4754,20,5.8538,3.7081,71.8876,-0.0021,1.1554,50.7808,2.0861,0.7567,211.6319,5.8219,0.0048,-0.0121,-0.2053,-0.1496,0.9408,-0.3656,-0.0568,8.1425,Toxic
1093.5978,96.4364,1.0578,1.1854,3.2236,-0.1334,-0.1294,42.695,11.3406,-35.738,0.1975,-14.6784,0.0394,10136.5118,0.0191,0.0682,-0.0109,1499,2.9469,-0.1592,5.3074,-0.0731,0.0015,0.8444,0.9068,2.8748,0.6284,-0.007,0.5521,0.5059,1.5696,21,6.0096,3.7823,68.3349,0.2275,1.0649,23.6123,2.0913,0.8009,213.3574,5.0792,0.0231,0.0386,-0.1248,-0.0642,0.6098,1.0953,0.1696,7.2778,Toxic
1187.6332,100.7245,0.1927,1.3731,3.0417,-0.006,-0.0905,39.0073,13.3216,26.9019,0.0019,-1.0649,0.0057,14588.8545,0.0233,-0.0647,-0.0359,2373,3.1414,0.0917,4.8662,-0.0038,-0.0399,0.7533,0.8139,2.5329,0.6802,-0.137,0.5412,0.5613,1.1126,20,5.75,3.8405,94.0757,0.2872,0.9366,72.0678,2.0934,0.8215,237.2935,5.1957,0.0128,0.0444,-0.0098,-0.0946,1.2129,0.2139,0.0448,8.9497,Toxic
1404.3354,85.6763,0.5995,1.3533,2.7057,0.0481,-0.0416,46.4822,11.4693,-15.4883,0.3973,8.1286,0.0153,13978.5243,0.0142,-0.0183,0.1485,2957,3.2565,-0.0356,5.8897,-0.0203,-0.1009,0.9201,0.8647,2.8368,0.6625,0.1011,0.4779,0.4589,1.2191,21,6.341,3.8052,69.5675,0.1663,1.0138,37.5624,2.0986,0.8228,207.0212,3.6677,-0.0073,0.0545,-0.0002,-0.0093,0.9203,-2.0881,0.2227,9.8919,Toxic
1055.9654,64.2774,8.4253,1.2153,2.3306,0.1895,-0.1057,31.0455,10.1961,2.5488,0.4072,22.3587,0.2317,11642.026,0.006,0.119,-0.001,1886,3.1028,0.0083,5.446,-0.0658,0.0461,0.8578,0.9183,2.7628,0.6622,-0.1916,0.5,0.5145,1.0355,14,4.912,3.8377,67.2022,0.0751,1.0205,21.5845,2.0818,0.8223,155.7035,4.7226,0.0013,0.0632,-0.0951,-0.1448,1.1907,3.8675,0.0902,7.6969,Toxic
1474.7562,80.3235,-0.0762,1.2615,2.4094,0.0401,-0.1109,48.9891,12.0088,-14.5966,0.4066,7.2588,-0.0016,14106.2886,0.0109,-0.0163,-0.2331,2866,3.1479,-0.0379,5.8626,-0.0811,-0.0257,0.9053,0.9141,2.9321,0.6607,0.2395,0.5039,0.5289,1.0711,21,5.7875,3.8046,74.1469,0.123,0.7167,25.1713,2.092,0.8114,207.5189,4.135,0.0026,0.0225,-0.0387,-0.032,1.2571,-1.6979,0.0485,9.7135,Toxic
1126.0087,89.3683,3.7994,1.327,3.0454,-0.1601,-0.0806,38.6603,11.1154,-1.5996,0.53,-25.1428,0.0779,11775.6235,0.0033,0.0739,-0.2454,1565,3.1439,-0.0078,5.7166,-0.0547,0.1063,0.8742,0.9536,0.0,0.6313,0.0883,0.5329,0.5824,1.2765,22,5.6051,3.7981,58.8652,0.0778,1.111,25.0398,2.0828,0.775,187.9307,5.5484,0.0107,0.0755,0.0185,-0.0982,0.8394,-1.0156,0.0121,0.0,Toxic
937.6026,72.3704,2.2376,1.2626,2.5679,-0.0383,-0.1721,34.6939,9.0201,-28.821,0.0139,-3.8679,0.0695,10598.7005,0.0169,0.1568,-0.1927,1496,3.1119,-0.1085,5.6511,-0.1016,0.0762,0.9004,0.8464,3.0293,0.625,-0.1914,0.6471,0.5142,1.359,15,5.1187,3.8336,63.0336,0.2811,1.0049,21.1826,2.0961,0.7848,195.6376,5.5091,0.0066,0.1953,0.1296,-0.1282,1.2595,2.8434,0.3114,7.0885,Toxic
1409.2412,79.8533,1.308,1.0804,2.5322,0.1029,-0.0905,42.2191,12.3781,4.5486,0.0238,16.4674,0.0336,13383.2561,0.0106,0.1277,0.0567,3124,3.1285,0.0425,5.7162,-0.036,-0.1663,0.8827,0.9813,0.0,0.6688,0.0522,0.9054,0.6516,1.0166,19,8.8798,3.8489,63.449,0.1959,0.8677,24.1966,2.1297,0.7862,205.0601,5.7521,0.005,0.0653,-0.1511,0.0224,0.968,-1.7798,0.0304,10.3665,Toxic
1293.8465,78.3992,-1.7494,1.0255,2.799,-0.0707,-0.1142,44.2499,10.6969,-0.0965,0.3347,-16.1949,-0.034,13787.4433,0.0092,-0.0507,0.0441,2354,3.267,-0.0003,5.6632,-0.1197,-0.118,0.8543,0.9443,0.0,0.6364,-0.0245,0.5087,0.5553,1.1977,15,5.1284,3.8267,56.8892,0.1593,0.9206,30.0318,2.0813,0.8068,182.9715,5.3961,0.0088,0.0758,-0.0928,0.0006,1.0943,0.3417,0.0254,9.3676,Toxic
1003.2035,69.2522,3.0637,1.0928,2.4629,0.0151,-0.0441,44.0546,10.6087,15.712,0.4933,2.6817,0.0594,12922.2153,0.0032,0.0168,-0.0823,2159,3.2305,0.0503,5.3259,-0.0404,-0.0188,0.8164,0.9881,0.0,0.6563,0.0597,0.4698,0.4921,0.8066,15,5.2173,3.8477,55.3173,0.0667,1.0729,25.0444,2.0981,0.7651,162.4868,4.3504,-0.0235,0.0573,0.0171,-0.0666,1.2752,-0.346,0.0152,8.7925,Toxic
1125.116,76.3703,-0.2352,0.9406,2.443,-0.0151,-0.1369,36.4437,11.271,9.2861,0.0304,-2.0421,-0.0068,11251.7854,0.0118,-0.0589,0.2807,1618,3.1394,0.0589,5.7421,-0.1292,-0.2554,0.8995,1.1008,3.0446,0.6316,0.1833,0.7754,0.5629,0.881,18,7.8132,3.8193,80.1593,0.1966,0.9072,23.3408,2.0831,0.7742,235.0609,4.9819,0.0429,0.0458,0.0474,-0.0207,1.2392,-1.5512,0.0961,7.4684,Toxic
1243.7912,93.4128,4.6193,0.9939,2.7261,-0.2029,0.0089,34.8701,11.6566,-96.864,0.0,-21.914,0.1346,15992.5474,0.0297,0.2284,-0.2633,2126,3.277,-0.2092,5.5132,-0.0297,-0.0843,0.8625,0.9652,2.6777,0.65,-0.1497,0.702,0.5084,1.5723,20,7.5224,3.8353,82.8582,0.2948,1.3352,26.2496,2.0889,0.8167,212.749,5.0068,-0.0184,0.2045,0.0016,-0.169,0.5905,3.8696,0.6186,9.085,Toxic
960.6306,70.1418,3.7079,1.1611,2.4991,0.029,-0.0451,42.7042,10.0468,16.3476,0.5292,5.0507,0.0693,12743.2519,0.0031,0.0272,-0.0809,2119,3.1834,0.0662,5.2345,-0.0432,-0.0241,0.8083,1.0021,0.0,0.6603,0.0704,0.5148,0.5557,0.8941,16,6.6938,3.8312,56.4572,0.0579,0.826,25.9152,2.1,0.7736,164.031,5.1511,-0.0264,0.0383,0.0363,-0.0564,1.2749,0.0011,0.0071,8.6091,Toxic
1174.8307,69.0167,3.057,0.9626,2.5291,-0.0086,0.0106,45.6774,10.5881,14.7621,0.5701,-1.6895,0.0564,13573.6868,-0.0012,0.0303,0.0843,2401,3.3555,0.0544,5.3716,-0.0056,0.0016,0.8157,1.0397,0.0,0.6786,0.0599,0.5429,0.6238,0.8589,16,6.3124,3.8454,54.8203,-0.018,1.0407,26.9536,2.1166,0.7879,165.2402,5.1675,-0.0286,0.0731,0.0324,-0.0671,1.0589,-0.4622,-0.0082,9.651,Toxic
1118.728,71.7532,-4.3256,1.3988,2.6852,0.045,-0.0997,41.1182,8.726,14.5697,0.3571,7.9207,-0.0889,12132.3165,0.0059,-0.097,-0.1536,2335,3.0861,0.0621,5.7934,-0.0828,0.1533,0.8969,0.7923,2.9474,0.6447,0.1137,0.5328,0.4873,1.3177,17,6.5503,3.7679,43.5878,0.1304,1.0072,22.1469,2.1012,0.7583,160.4265,5.6609,0.0131,0.0699,-0.101,-0.0065,1.3262,-0.9546,0.0802,8.589,Toxic
898.846,76.1808,-1.9186,1.2053,2.6689,0.1437,-0.0975,39.1519,9.288,-12.6936,0.0127,12.785,-0.0926,8714.4933,0.0135,-0.1229,0.2241,1478,2.9358,-0.0746,5.594,-0.0552,0.021,0.9111,0.8403,3.059,0.625,-0.0418,0.5296,0.4839,1.4178,16,5.9272,3.7696,62.0493,0.2203,1.1086,19.8289,2.111,0.7697,217.9177,5.0357,-0.0039,0.0464,0.1306,-0.1469,0.8546,-0.0137,0.1307,6.9247,Toxic
1161.2114,82.7035,0.9101,1.1493,2.6775,0.307,-0.0728,41.2295,10.5976,22.1141,0.0232,23.944,0.0359,11022.5179,0.008,0.0047,-0.0417,1872,3.1186,0.1356,5.6902,-0.0531,-0.123,0.908,0.8591,3.0398,0.6286,-0.2176,0.5295,0.5651,1.3321,16,7.3711,3.8158,90.9549,0.1678,1.1181,24.1461,2.1217,0.7611,219.2146,5.6662,-0.0107,0.0507,0.0183,-0.1216,1.634,0.2876,0.0052,8.0144,Toxic
1229.07,94.1851,-0.1276,1.1154,2.7932,0.136,-0.0941,35.223,10.9075,59.2105,0.0,13.595,-0.005,14708.0245,-0.0021,-0.0031,0.0952,2408,3.0809,0.1263,4.9639,0.0161,-0.1142,0.8058,0.8714,0.0,0.625,-0.1915,0.7636,0.6234,1.1789,18,4.887,3.7832,83.8807,-0.0167,1.0912,21.3522,2.0739,0.8133,214.1433,5.6952,-0.0085,-0.0637,-0.1803,-0.208,0.9631,-0.5798,-0.1199,8.4597,Toxic
1512.3738,88.1968,-2.0701,1.2182,2.7619,0.0266,-0.0137,51.6137,12.5002,-18.1686,0.4464,4.4669,-0.0562,13659.1718,0.0107,0.0181,-0.0755,3240,3.2708,-0.066,5.7929,0.0289,0.0082,0.8946,0.811,0.0,0.6585,-0.0487,0.4743,0.429,0.8821,23,8.1281,3.8449,65.268,0.1692,1.0432,23.6721,2.124,0.8049,217.0022,3.7195,0.0025,0.0724,-0.0274,-0.0165,0.7453,1.6321,0.2074,10.7457,Toxic
1398.4149,89.1224,-2.1581,1.2434,2.9964,0.0666,0.0089,50.1421,11.4862,-1.2876,0.2611,10.6484,-0.0584,12643.6709,0.0055,0.0121,-0.0404,3077,3.0293,-0.0105,5.7402,0.042,-0.0244,0.8932,1.0773,0.0,0.6513,-0.0978,0.5627,0.6314,1.1714,23,7.8221,3.8369,58.0324,0.1532,1.0239,21.5917,2.1412,0.7623,211.6583,5.8844,-0.0012,0.0755,-0.0335,-0.0239,0.6597,0.6464,-0.0188,10.123,Toxic
1182.2587,86.4571,1.3687,1.2547,2.9166,0.0364,-0.0442,40.8166,11.765,-21.3909,0.3241,7.508,0.0285,11954.2011,0.0057,0.1046,-0.2715,2103,3.1788,-0.1683,5.6321,-0.026,-0.0842,0.8573,1.1443,0.0,0.6585,-0.0399,0.586,0.6191,1.5564,19,7.207,3.7969,52.7839,0.1483,1.0855,26.4489,2.1045,0.7772,176.9646,5.6211,0.0131,0.0812,-0.2154,-0.047,0.916,-0.1873,0.0301,8.4923,Toxic
1179.2168,69.7272,-4.7016,1.0886,2.3451,0.202,-0.016,33.3718,10.7332,-41.1431,0.3587,38.3847,-0.1136,12862.1641,0.0434,-0.0442,-0.019,1909,3.3073,-0.0962,5.5947,0.0581,-0.0917,0.8661,0.6598,3.0346,0.6768,-0.0896,0.548,0.3534,0.9401,13,7.8812,3.7473,56.6935,0.3706,1.0213,25.9792,2.0737,0.8637,188.6271,3.6511,-0.0005,0.0519,-0.1375,-0.0621,0.4147,1.4586,0.9828,8.314,Toxic
1474.7562,83.7484,3.4962,1.2913,2.7137,0.0008,-0.1588,48.9891,11.6825,0.8008,0.4543,0.1595,0.0719,13836.9753,0.013,0.0769,-0.1551,2866,3.1965,0.0028,5.7601,-0.1198,-0.0524,0.8767,0.8999,2.9542,0.6488,0.2347,0.5309,0.5263,1.3609,19,4.9175,3.8154,62.2879,0.2339,0.879,25.1713,2.092,0.7705,197.5861,5.5418,0.0135,0.0533,-0.0532,-0.0631,1.454,-1.9886,0.0524,9.7135,Toxic
1211.8257,84.5168,2.1063,0.9334,2.5137,-0.1915,-0.0594,38.8164,13.1331,-8.4934,0.2422,-26.8053,0.0556,12406.7848,0.0134,0.1714,-0.1304,2279,3.225,-0.0505,5.7162,-0.0413,-0.051,0.8784,1.1382,0.0,0.6488,0.0561,0.5675,0.5564,0.9112,21,8.053,3.9369,94.82,0.1882,0.7832,29.8094,2.0931,0.8251,244.7002,4.1715,0.0054,0.0418,0.0073,-0.0019,1.2338,0.5411,0.0945,9.0955,Toxic
1474.7562,81.4292,0.0281,1.2321,2.47,0.0281,-0.0962,48.9891,12.1102,-17.868,0.4736,5.0876,0.0006,13875.5221,0.0104,-0.0132,-0.2192,2866,3.1479,-0.0366,5.8323,-0.072,-0.0233,0.9006,0.9084,2.7963,0.6607,0.2401,0.5012,0.5252,0.8876,21,4.8008,3.7988,71.601,0.101,0.8714,25.1713,2.092,0.8211,206.2669,4.006,-0.0009,0.0343,-0.0222,-0.0204,1.104,-1.8201,0.0725,9.7135,Toxic
1427.5653,71.9281,0.8139,1.2581,2.4828,0.0276,0.1037,38.5495,10.8489,-2.5441,0.5807,3.4816,0.0243,12422.1631,-0.0004,0.0322,0.2848,2542,3.0725,-0.0078,5.5507,0.0795,0.1076,0.8638,1.0621,0.0,0.6795,-0.0921,0.5089,0.5476,0.8837,18,7.0003,3.803,61.2959,-0.0053,1.0176,22.3305,2.1056,0.8286,176.0249,4.0407,-0.0129,0.0671,0.0712,-0.0592,1.0173,0.1146,0.0398,9.3873,Toxic
902.2672,62.3525,-6.3658,1.1747,2.3215,-0.2252,-0.1351,25.2882,9.2177,-6.7752,0.2597,-31.298,-0.1944,11511.3838,0.0164,-0.0835,0.0126,1717,3.1428,-0.0328,5.3569,-0.0629,-0.0876,0.851,0.7458,3.418,0.625,0.0855,0.7601,0.589,1.0092,14,7.0124,3.8264,69.9027,0.295,0.7764,22.8536,2.0591,0.7971,237.8407,6.2455,0.0473,0.1883,0.2159,-0.1567,1.9672,-2.0009,0.2892,6.9121,Toxic
1009.0021,87.7104,1.2458,1.2746,2.9483,-0.0323,-0.065,37.5447,11.3844,-50.0582,0.1373,-6.1637,0.0214,13373.7554,0.0094,0.0201,-0.2583,1782,3.2082,-0.1655,5.6212,-0.0163,0.0615,0.8556,1.0115,0.0,0.6402,0.0779,0.6734,0.5835,1.523,22,6.9733,3.7701,56.8865,0.1447,0.9981,25.4586,2.0698,0.8106,169.5165,4.7932,0.011,0.1885,-0.1257,-0.0665,0.9673,0.7602,0.2318,7.9334,Toxic
1099.3155,70.9695,-4.549,1.2597,2.6838,-0.0198,0.0358,38.87,9.9783,-21.9249,0.5499,-3.8876,-0.1017,11565.131,0.0067,-0.0634,-0.2767,1913,3.2445,-0.0905,5.7208,0.0842,-0.0734,0.8834,0.8735,0.0,0.6603,-0.087,0.5058,0.519,0.9856,13,7.131,3.8165,52.8783,0.0934,0.9516,24.4427,2.0886,0.8192,183.7169,4.0365,0.0086,0.0725,-0.1508,0.0148,1.1979,-0.5597,0.1027,8.2653,Toxic
1734.258,84.6357,1.0163,1.1518,2.6365,0.0488,0.129,46.2385,12.3446,2.4832,0.2174,5.5578,0.0321,13318.2064,0.0029,0.0381,0.3112,2849,3.3181,0.0123,5.8877,0.1043,0.0467,0.9014,1.0303,2.9777,0.6707,-0.2118,0.5506,0.5865,1.1808,22,8.3086,3.823,64.4241,0.0486,1.0847,24.5192,2.1266,0.7833,174.0052,4.8954,-0.0429,0.0634,-0.0809,-0.1049,0.9983,1.2315,0.0124,10.9023,Toxic
1345.7411,80.5998,-2.5102,1.3737,2.6193,0.0311,-0.0856,41.6328,11.5965,36.5053,0.5314,4.2335,-0.0723,12449.8484,0.0009,-0.0718,0.3063,2621,3.1022,0.1867,5.7544,-0.064,0.0049,0.9002,1.0029,0.0,0.6539,0.1272,0.5536,0.6372,1.1418,21,5.7793,3.7843,68.1523,0.011,0.8422,23.1296,2.1064,0.8188,212.8299,5.6717,0.0191,0.0688,-0.0466,0.0125,0.8977,-1.9644,-0.0191,9.13,Toxic
1025.0378,80.6937,-0.2953,1.2577,2.7325,-0.0697,-0.1671,37.0979,11.1291,-9.5613,0.0064,-9.0662,-0.0102,9212.3044,0.0105,0.0265,0.2229,1471,3.0804,-0.0963,5.776,-0.1211,-0.1471,0.9123,1.1842,2.9762,0.6458,0.2657,0.6658,0.5819,1.5408,22,7.1902,3.7895,61.1448,0.204,0.9862,21.645,2.0965,0.7614,215.0728,5.7279,0.0342,0.0474,-0.0877,0.0705,0.8583,-1.9107,0.0775,7.0521,Toxic
1634.6086,117.5779,0.5136,1.2921,3.357,-0.0611,-0.1161,50.9941,13.5783,-38.8649,0.0,-7.3295,0.0173,13875.0833,0.006,-0.0051,0.3189,2094,3.1612,-0.097,4.7813,-0.0457,0.0148,0.7347,0.8886,2.7313,0.625,0.0288,0.517,0.5773,1.4968,24,6.9106,3.8448,79.6388,0.0681,1.1871,66.8884,2.0847,0.8,209.5998,5.4304,0.0104,0.016,-0.1917,-0.1002,0.7051,1.339,-0.0186,9.2471,Toxic
679.2986,48.1534,1.2124,0.8851,2.3298,-0.0889,0.0397,23.6094,6.2557,-66.1042,0.0,-12.3549,0.0362,9022.2689,0.0735,-0.0095,-0.3016,901,3.0423,-0.1295,5.3362,0.0743,-0.1426,0.8766,0.5958,3.2553,0.621,-0.1472,0.5558,0.289,1.114,9,4.8425,3.42,51.6658,0.5292,1.113,18.1146,2.0096,0.871,158.5159,2.9864,-0.0275,0.021,-0.0081,-0.1475,1.0227,1.2271,1.4516,4.558,NonToxic
290.2158,29.6465,0.7003,0.9679,0.9686,-0.6976,0.0292,7.8612,5.7926,8.1111,0.3453,-18.836,0.1092,3896.8681,0.0181,0.0364,0.0896,487,2.3867,0.1195,4.6375,-0.0471,-0.1754,0.8805,1.1364,2.5747,0.7222,0.0956,0.5831,0.5416,1.155,5,1.2245,3.3232,65.9164,0.2401,0.9088,8.3568,2.0509,0.8183,176.805,5.0846,-0.0138,0.0429,-0.0369,-0.0419,0.6815,-1.4133,0.131,2.8047,NonToxic
799.354,64.3236,-1.7187,1.0372,2.1538,0.1275,-0.0401,25.1747,10.4908,-32.8422,0.504,12.4964,-0.0746,9272.7332,0.01,-0.0997,-0.4093,1363,2.9932,-0.2019,5.5047,-0.0578,-0.1119,0.8851,1.1717,2.6842,0.6471,-0.067,0.5543,0.5396,1.4483,19,5.3921,3.7841,65.4021,0.133,1.1297,22.6234,2.0668,0.8083,195.3128,4.2334,-0.0016,0.0546,0.0042,0.0476,1.2814,0.4589,0.1124,5.9585,NonToxic
900.8542,63.2777,2.3051,0.9569,2.2482,0.0907,0.0148,31.9875,10.3769,-16.0103,0.1157,12.3346,0.0766,8986.291,0.005,0.0898,0.0795,1104,3.2557,-0.0868,5.7382,-0.0213,-0.1566,0.9026,1.2613,2.6918,0.6622,0.1092,0.6144,0.6071,1.1136,16,4.5684,3.8093,70.8066,0.0657,1.0622,22.8917,2.0679,0.7846,188.1594,4.2377,-0.0218,0.0401,0.0501,-0.1569,0.9007,-0.2139,0.0849,5.981,NonToxic
422.9251,43.3102,-0.0457,0.7538,1.7925,0.3208,0.0346,14.9505,5.4334,-2.5936,0.5992,2.5664,-0.0131,4337.8725,0.0211,0.049,-0.0713,947,2.2451,-0.0545,4.5016,0.0506,-0.0025,0.8674,0.5295,0.0,0.6618,-0.1187,0.9197,0.4029,0.9715,8,3.2504,3.3378,10.8418,0.3298,1.255,9.9389,2.1301,0.787,124.3991,4.6953,-0.0865,0.0147,-0.013,-0.2093,3.2349,-0.5346,0.2151,4.4464,NonToxic
422.9251,42.7834,-0.5244,0.8281,1.8008,0.2163,0.0655,14.9505,5.4165,-1.7298,0.5179,2.8122,-0.1224,4316.2468,0.013,-0.1193,-0.0617,947,2.2623,-0.0656,4.4839,0.0598,-0.0424,0.8575,0.8094,0.0,0.6618,-0.1516,1.0831,0.4453,1.0686,8,3.8647,3.3379,9.1588,0.3306,1.2579,9.9389,2.1301,0.7421,121.6584,5.5083,-0.0863,0.0279,-0.1419,-0.1933,1.1581,-0.2439,0.1291,4.4464,NonToxic
1121.8621,61.4818,-3.9417,1.4524,2.0734,0.1118,-0.0207,22.5401,10.1149,-20.7442,0.0686,18.6761,-0.0806,15496.1398,0.0146,-0.1235,0.2492,1931,3.0903,-0.0757,5.5801,-0.0022,-0.0757,0.8765,1.037,2.9987,0.6667,-0.2838,0.5417,0.5479,1.7122,14,4.4426,3.7997,75.4071,0.2156,1.0718,25.733,2.0685,0.8208,205.2775,5.6133,0.0407,0.0657,-0.1641,-0.2086,0.9201,0.0197,0.0896,7.8678,NonToxic
936.8355,65.9592,0.4006,0.8123,2.1086,-0.1829,0.0653,32.9063,9.7633,-38.4798,0.2237,-18.1114,0.0136,10736.4705,0.0125,0.0408,0.1564,1417,3.0123,-0.1506,5.4936,-0.0189,-0.0888,0.8933,1.1106,2.7089,0.625,0.061,0.5289,0.5086,0.9468,16,6.4766,3.7499,84.7484,0.1304,1.3033,20.712,2.0745,0.828,219.0501,4.0799,-0.0173,0.046,-0.0068,-0.0087,0.8353,0.3865,0.2236,6.8171,NonToxic
911.5707,55.5103,2.0669,1.1579,2.2514,-0.1142,-0.1198,24.5944,8.1049,-12.3823,0.133,-14.5015,0.0622,11092.7212,0.017,0.0779,0.0037,1387,3.1238,-0.0464,5.2867,-0.108,-0.1208,0.8436,1.0648,2.707,0.6544,-0.041,0.5419,0.4939,1.3644,13,4.7056,3.7378,55.9288,0.2525,1.2284,20.757,2.0589,0.7972,172.2278,5.2272,-0.0072,0.0548,-0.0363,-0.0702,0.704,0.0502,0.1373,6.593,NonToxic
1062.1069,64.4288,-1.0872,1.0837,2.1123,-0.0972,-0.1141,32.6125,9.6667,-13.9683,0.0633,-14.5796,-0.0273,13124.6801,0.0236,0.0028,0.0088,1753,3.2327,-0.0265,5.7954,-0.125,0.0595,0.9091,0.8608,2.529,0.6539,0.219,0.6492,0.4513,1.1095,14,2.4281,3.8045,69.1949,0.2209,0.9641,30.7149,2.0446,0.8437,189.884,4.2264,-0.0194,0.1467,0.0123,0.0564,1.0735,-1.6477,0.5804,7.3468,NonToxic
980.8769,62.9585,-0.6971,0.9309,2.132,-0.3353,-0.1669,30.8363,8.6969,-84.4996,0.0324,-44.9338,-0.017,12998.1216,0.0513,0.05,0.208,1856,3.2275,-0.1283,5.6109,-0.1213,0.02,0.8953,0.6977,2.6194,0.6487,-0.0161,0.5994,0.3942,1.0512,13,4.0684,3.752,69.0213,0.3563,1.1243,24.3408,2.0461,0.8967,184.2528,3.6738,-0.038,0.1504,-0.0257,0.0308,0.695,4.2936,1.297,7.2455,NonToxic
905.8157,59.1404,1.1722,1.1192,1.8081,0.1802,-0.0603,24.1006,10.7791,4.7531,0.3401,16.5774,0.0579,10071.96,0.0174,-0.1105,-0.0779,1402,3.0022,0.0175,5.5557,-0.0846,-0.0885,0.8976,1.15,2.6357,0.6875,-0.1204,0.5403,0.5513,1.0833,13,4.6318,3.7668,86.6971,0.1519,1.018,26.2963,2.0589,0.8627,209.129,4.2105,-0.0143,0.041,0.0093,-0.0225,1.0768,-0.2414,0.1348,6.2908,NonToxic
977.4094,54.3476,3.7207,0.7955,1.7962,-0.3665,-0.1708,25.2822,9.006,-52.4537,0.245,-52.4165,0.0951,14418.5567,0.05,0.118,-0.3936,2289,3.0921,-0.0658,5.4947,-0.1042,-0.2215,0.8965,0.6403,0.0,0.6944,-0.1076,0.5759,0.3602,0.8218,10,3.2337,3.6325,77.9127,0.3002,0.9061,20.5637,2.0449,0.9372,177.7833,3.6769,0.0055,0.0324,-0.1394,-0.0426,1.0053,3.2606,1.3945,8.461,NonToxic
855.9635,57.0749,-1.1455,1.0463,2.4577,-0.2181,-0.0162,34.2818,8.3664,4.5244,0.4471,-47.7673,-0.0252,11517.1922,0.0045,0.0453,0.1541,1781,3.0862,0.0219,5.4042,-0.0077,-0.0249,0.8421,0.9256,3.1259,0.6554,-0.0827,0.6518,0.4776,0.866,11,5.6064,3.7422,49.3828,0.0825,0.9551,22.9255,2.086,0.7906,174.9203,4.8031,-0.0117,0.0746,-0.0572,-0.0586,1.0716,-1.427,0.1038,7.573,NonToxic
917.227,59.0789,-1.5681,1.1425,2.4619,-0.1878,-0.0205,34.2818,9.1399,-11.9313,0.5256,-42.2606,-0.0349,12296.1681,0.0095,0.0375,0.0178,1852,3.2449,-0.0372,5.4349,0.0057,0.0054,0.8425,0.7589,3.1036,0.6603,-0.0135,0.4477,0.3655,0.8416,11,5.668,3.744,51.7702,0.1404,0.9775,28.9631,2.078,0.8275,178.2279,3.6782,-0.0113,0.0863,-0.0565,-0.059,1.1348,-1.3009,0.2951,7.8819,NonToxic
885.4697,55.6092,-3.004,1.0994,2.4911,-0.1328,0.0089,33.4578,8.5029,-20.4349,0.4927,-29.4792,-0.0632,12260.6027,0.0058,0.003,-0.1943,1788,3.157,-0.0841,5.4631,0.0247,0.1031,0.8479,0.7655,3.0987,0.6645,-0.0102,0.4888,0.5041,1.2504,8,4.9926,3.728,52.0491,0.0893,1.0158,22.9918,2.0825,0.8205,170.3176,5.2001,0.011,0.0855,-0.1336,-0.1134,0.9193,-1.203,0.0997,7.4237,NonToxic
949.2921,58.6329,-1.5262,1.0602,2.4,-0.1602,0.0252,33.863,9.5851,-14.6275,0.4442,-36.1971,-0.0337,12644.1304,0.0063,0.0381,0.0717,1895,3.2978,-0.0449,5.465,0.0384,-0.0187,0.845,0.9054,3.0661,0.6688,-0.1032,0.4657,0.3983,0.8477,12,6.0051,3.7391,53.6558,0.0807,0.9872,34.2538,2.0764,0.8431,178.3272,3.6782,-0.0147,0.0874,-0.0458,-0.0589,0.98,-0.254,0.2888,8.0125,NonToxic
826.9037,64.5822,-2.0656,1.2696,2.6046,-0.1164,-0.0578,27.3803,9.2109,-12.7173,0.1263,-15.5912,-0.0671,9797.9306,0.006,-0.0288,0.0597,1315,3.1308,-0.0621,5.4646,-0.0528,0.1523,0.8572,0.8995,0.0,0.6458,0.0681,0.5437,0.5338,1.0929,13,3.3892,3.6786,53.9452,0.1117,0.9675,22.6708,2.0589,0.7955,181.3359,5.1756,0.0197,0.0711,0.0435,-0.1951,1.39,-1.2629,0.0843,6.5239,NonToxic
702.5447,54.6927,-6.1971,0.7662,2.3569,0.1127,-0.3485,18.6832,6.991,0.9602,0.227,18.1458,-0.1544,9573.3847,0.0216,-0.1799,0.0225,1506,2.865,0.0038,4.6299,-0.3115,-0.0808,0.7529,0.7325,0.0,0.621,0.0822,0.7095,0.3339,0.8316,9,5.4482,3.5465,40.5483,0.2854,0.9087,17.1145,2.0244,0.7929,147.8591,4.2243,0.0262,0.0311,-0.3765,0.1289,0.554,-2.4272,0.4591,6.6525,NonToxic
859.8441,55.6827,-2.5018,0.8162,2.1021,-0.1611,-0.156,31.9002,7.3692,1.6408,0.0062,-22.5547,-0.0602,9234.3912,0.0071,-0.06,0.0886,1591,2.9871,0.0235,5.4118,-0.1644,0.0102,0.8921,0.7149,3.6968,0.6774,-0.0839,0.9059,0.9729,0.6439,12,3.8328,3.7144,61.8523,0.0889,0.8629,23.6042,2.1113,0.801,187.0453,5.6942,0.0077,0.0463,-0.0248,0.065,0.9934,0.5943,0.0447,6.8708,NonToxic
1004.4915,55.0611,-5.0132,0.8642,2.066,0.0135,-0.2005,24.2566,8.8841,-19.009,0.3265,1.9157,-0.1479,14440.5598,0.021,-0.1046,-0.2992,1949,3.2356,-0.0343,5.4136,-0.0676,-0.3387,0.8613,0.9023,2.1192,0.7027,-0.0406,0.5197,0.506,0.7876,6,0.6609,3.6345,51.2041,0.2039,1.0912,22.5636,2.0422,0.859,165.9361,4.8772,-0.0704,0.0473,0.1321,0.2924,1.0219,-0.4409,0.1601,7.9234,NonToxic
979.5399,59.5056,1.5956,1.168,2.0576,0.269,0.0189,31.283,9.277,-10.1742,0.1296,27.1687,0.06,10151.4733,0.0075,-0.0119,0.1966,1625,3.1053,-0.0494,5.5858,0.0073,-0.0293,0.9053,1.0805,2.9356,0.6838,-0.0429,0.5857,0.6242,1.4141,16,5.3835,3.7844,72.7247,0.0811,1.0261,20.2009,2.0997,0.8324,192.1539,5.1701,-0.0143,0.0635,0.0456,-0.0893,1.2854,0.1839,0.0444,7.2219,NonToxic
1045.2436,66.5418,-1.1576,1.1164,2.0647,0.249,-0.0574,37.4368,9.7649,-10.3617,0.0686,33.8638,-0.0267,12927.2458,0.0107,-0.1131,-0.1716,1787,3.0681,-0.0914,5.6575,-0.0318,-0.3358,0.9028,1.1295,3.356,0.6528,-0.091,0.6107,0.6043,1.2798,18,6.6044,3.734,79.4354,0.2001,0.8454,21.9101,2.0961,0.7716,200.8795,5.4391,-0.0128,0.0014,-0.0759,0.0392,1.2343,0.1077,0.0458,7.7178,NonToxic
457.0674,32.895,1.6051,1.3806,1.6121,1.238,-0.1461,11.8619,4.8284,-6.3039,0.2627,29.7109,0.1258,5052.1867,0.0065,0.0096,-0.049,961,2.4139,-0.1851,4.5184,-0.1103,0.1019,0.8379,0.6022,0.0,0.6667,0.1651,0.5532,0.4942,1.1005,6,2.3442,3.1367,10.4207,0.1158,1.2249,9.7339,2.1058,0.7825,101.817,5.5663,-0.0315,0.089,-0.1678,-0.0161,4.2999,0.0639,0.0862,4.2802,NonToxic
790.1646,61.2908,0.3847,1.2542,2.0925,-0.019,-0.0429,31.588,9.6756,32.6217,0.2482,-2.6831,0.0092,13738.2571,0.0049,0.0155,0.0079,1847,3.0901,0.1422,5.607,-0.0462,-0.0104,0.8947,0.9781,0.0,0.6319,-0.087,0.6712,0.6062,1.0899,16,7.2055,3.7928,81.2386,0.0611,1.2216,21.808,2.0516,0.8194,232.0913,4.953,-0.0826,0.0313,0.171,0.1075,1.2658,0.6769,0.017,7.4475,NonToxic
758.3263,60.5466,0.1474,1.2631,1.8418,-0.0295,0.0314,32.9174,9.8333,28.1874,0.1977,-3.5377,0.0037,13107.2282,0.0007,-0.0482,-0.0862,1754,2.9276,0.0946,5.6005,0.03,-0.0227,0.9107,1.0225,0.0,0.6429,-0.0211,0.6121,0.6024,0.9226,18,6.341,3.7925,91.831,0.0062,0.858,21.8046,2.0576,0.8537,229.1981,4.4768,-0.0216,0.0193,0.0581,-0.0212,1.1553,0.3514,-0.0024,7.1564,NonToxic
790.1646,60.4932,-0.465,1.229,2.0925,-0.1254,-0.0181,31.588,9.777,18.5692,0.2489,-17.6847,-0.0114,13326.4736,0.0045,0.0524,-0.0081,1847,3.0903,0.0575,5.607,-0.0325,-0.0089,0.8947,0.9804,0.0,0.6319,-0.1312,0.6173,0.5791,1.0386,16,6.6912,3.7888,75.5153,0.0458,1.3043,21.808,2.0516,0.831,225.4408,4.4644,-0.0683,0.0448,0.1464,0.0653,1.2372,2.2302,0.0488,7.4475,NonToxic
306.7565,43.9683,-0.2599,0.9704,1.9431,-0.2911,-0.084,13.6305,5.8606,4.6902,0.4476,-7.8586,-0.0362,3633.9093,0.0201,-0.1493,0.0142,464,2.3869,0.0728,4.7359,-0.096,-0.2315,0.896,0.9356,2.6348,0.6528,-0.0065,0.5595,0.561,1.3999,7,2.2968,3.3917,59.88,0.3099,0.8622,8.3016,2.0635,0.7783,182.394,5.1805,-0.0052,0.0275,-0.0105,-0.0707,1.0932,-0.7286,0.073,2.627,NonToxic
812.3251,74.6031,-0.6089,1.0353,2.6023,-0.12,0.0013,33.1806,9.7326,-23.7244,0.4075,-10.6761,-0.0262,9236.6738,0.0129,-0.0414,-0.0318,1476,2.9781,-0.11,5.5488,-0.0064,-0.2181,0.9099,1.2895,2.6996,0.6406,0.176,0.5394,0.5426,1.3437,18,7.0191,3.7732,65.704,0.1586,1.0709,21.1175,2.0767,0.8051,204.3839,4.2625,-0.003,0.0409,0.0184,-0.0249,1.0687,-1.419,0.0884,6.3753,NonToxic
1008.2376,67.2579,-1.6216,1.1496,2.3316,-0.4068,0.0058,28.357,9.4958,-1.6877,0.2947,-37.4253,-0.0507,10912.307,0.0158,-0.1495,-0.021,1308,2.9462,-0.0082,5.4724,0.0096,-0.0979,0.8813,1.1337,2.753,0.6324,-0.1509,0.5075,0.531,1.1973,16,5.7329,3.7023,84.8772,0.2606,1.1132,21.073,2.0754,0.8086,172.4921,4.2487,-0.0055,0.0699,-0.0958,0.0101,1.3249,1.2039,0.1036,6.3028,NonToxic
1059.1609,65.5071,1.4253,1.3734,2.2365,0.1465,-0.0345,26.4286,10.6021,35.3615,0.2728,19.188,0.0515,10716.1023,0.0203,0.0937,-0.2859,1658,3.1432,0.145,5.5985,-0.0736,0.0151,0.8881,1.1751,2.6635,0.6689,-0.2675,0.5685,0.526,1.0802,16,5.4711,3.7988,70.7767,0.25,0.8907,22.6406,2.0573,0.8197,213.0819,4.2317,0.0083,0.0509,0.0467,-0.122,1.3001,0.8095,0.1563,6.864,Toxic
238.668,35.686,3.2346,0.7364,1.1462,1.6358,-0.1968,9.8829,4.2636,-49.744,0.5661,6.5433,0.561,3982.9538,0.1051,0.0587,0.2631,394,1.9163,-0.208,4.1887,-0.1864,-0.0059,0.8495,0.6473,0.0,0.625,0.2939,0.6925,0.3463,1.097,5,3.0167,3.0031,230.9934,0.4755,1.2113,7.7282,1.9898,0.9417,100.6805,3.6184,-0.0493,-0.0217,-0.0457,-0.135,0.2076,-4.1414,2.5464,2.6309,Toxic
